date,open,high,low,close,volume,amount,pctChg
2026-01-05,1.279,1.299,1.279,1.299,5842200,7543747.0,1.5637
2026-01-06,1.3,1.313,1.297,1.312,5470800,7146876.0,1.0008
2026-01-07,1.312,1.326,1.308,1.315,8639100,11350668.0,0.2287
2026-01-08,1.332,1.334,1.303,1.317,9355800,12272319.0,0.1521
2026-01-09,1.314,1.335,1.309,1.324,7942700,10521050.0,0.5315
2026-01-12,1.325,1.333,1.309,1.328,7783500,10321457.0,0.3021
2026-01-13,1.323,1.333,1.306,1.321,7884700,10394394.0,-0.5271
2026-01-14,1.318,1.35,1.309,1.315,16469200,21892142.0,-0.4542
2026-01-15,1.308,1.331,1.308,1.323,9331700,12340610.0,0.6084
2026-01-16,1.329,1.342,1.32,1.324,5551000,7392903.0,0.0756
2026-01-19,1.326,1.344,1.314,1.34,10422300,13867791.0,1.2085
2026-01-20,1.347,1.347,1.308,1.316,9008700,11907131.0,-1.791
2026-01-21,1.304,1.329,1.304,1.315,6949900,9160567.0,-0.076
2026-01-22,1.316,1.329,1.308,1.316,8086700,10653986.0,0.076
2026-01-23,1.318,1.37,1.318,1.37,22921200,31034349.0,4.1033
2026-01-26,1.379,1.385,1.351,1.356,14180600,19453580.0,-1.0219
2026-01-27,1.346,1.361,1.311,1.355,18889400,25257526.0,-0.0737
2026-01-28,1.35,1.361,1.318,1.33,10358200,13766903.0,-1.845
2026-01-29,1.318,1.336,1.311,1.318,11044400,14582306.0,-0.9023
2026-01-30,1.31,1.323,1.277,1.309,10442200,13577016.0,-0.6829
2026-02-02,1.315,1.325,1.29,1.294,11041000,14462487.0,-1.1459
2026-02-03,1.295,1.334,1.295,1.332,17531400,23107155.0,2.9366
2026-02-04,1.326,1.363,1.324,1.362,10247400,13768394.0,2.2523
2026-02-05,1.343,1.346,1.309,1.318,13813200,18264129.0,-3.2305
2026-02-06,1.299,1.346,1.298,1.331,9507200,12619956.0,0.9863
2026-02-09,1.341,1.364,1.341,1.359,7617000,10334041.0,2.1037
2026-02-10,1.356,1.359,1.344,1.349,12365400,16683636.0,-0.7358
2026-02-11,1.35,1.354,1.345,1.348,6399400,8631002.0,-0.0741
2026-02-12,1.348,1.362,1.348,1.36,6214700,8427541.0,0.8902
2026-02-13,1.354,1.354,1.335,1.335,9339800,12551759.0,-1.8382
2026-02-24,1.345,1.356,1.344,1.348,9012300,12151918.0,0.9738
2026-02-25,1.347,1.37,1.346,1.362,5648600,7681660.0,1.0386
2026-02-26,1.366,1.366,1.339,1.348,9983300,13421368.0,-1.0279
2026-02-27,1.343,1.355,1.341,1.355,7422400,10017280.0,0.5193
2026-03-02,1.34,1.366,1.337,1.349,10052100,13589054.0,-0.4428
2026-03-03,1.354,1.373,1.329,1.332,11349200,15294921.0,-1.2602
2026-03-04,1.315,1.342,1.3,1.329,22214700,29476802.0,-0.2252
2026-03-05,1.337,1.348,1.332,1.342,12913800,17315816.0,0.9782
2026-03-06,1.34,1.353,1.328,1.342,20871300,28085988.0,0.0
2026-03-09,1.329,1.371,1.323,1.37,30405200,41079285.0,2.0864
2026-03-10,1.373,1.385,1.36,1.385,11454700,15781391.0,1.0949
2026-03-11,1.385,1.434,1.381,1.427,21037400,29756017.0,3.0325
2026-03-12,1.43,1.439,1.412,1.439,19032700,27153349.0,0.8409
2026-03-13,1.438,1.459,1.433,1.438,23797900,34501998.0,-0.0695
2026-03-16,1.435,1.446,1.413,1.417,11531200,16396990.0,-1.4604
2026-03-17,1.418,1.437,1.39,1.392,12427100,17476462.0,-1.7643
2026-03-18,1.392,1.395,1.367,1.389,16380800,22646636.0,-0.2155
2026-03-19,1.384,1.395,1.362,1.369,11424900,15693765.0,-1.4399
2026-03-20,1.368,1.435,1.368,1.396,19223500,27043482.0,1.9722
2026-03-23,1.389,1.416,1.368,1.38,48349100,67633177.0,-1.1461
2026-03-24,1.384,1.391,1.332,1.382,20107900,27595599.0,0.1449
2026-03-25,1.38,1.411,1.372,1.402,211050600,291898511.0,1.4472
2026-03-26,1.402,1.418,1.383,1.396,51667100,72120902.0,-0.428
2026-03-27,1.379,1.413,1.37,1.405,64708300,90559996.0,0.6447
2026-03-30,1.394,1.402,1.36,1.377,21260600,29419797.0,-1.9929
2026-03-31,1.373,1.376,1.331,1.332,12345300,16637619.0,-3.268
2026-04-01,1.343,1.343,1.316,1.328,7363800,9772169.0,-0.3003
2026-04-02,1.326,1.33,1.297,1.305,12686100,16592455.0,-1.7319
2026-04-03,1.305,1.305,1.27,1.271,8672200,11115032.0,-2.6054
2026-04-07,1.267,1.287,1.265,1.272,5258400,6699953.0,0.0787
2026-04-08,1.284,1.314,1.284,1.312,10266200,13384370.0,3.1447
2026-04-09,1.303,1.312,1.292,1.304,9282200,12100124.0,-0.6098
2026-04-10,1.31,1.349,1.309,1.34,10207500,13648751.0,2.7607
2026-04-13,1.33,1.367,1.33,1.359,14860800,20157582.0,1.4179
2026-04-14,1.357,1.38,1.35,1.379,14651500,19981402.0,1.4717
2026-04-15,1.381,1.383,1.361,1.366,8472100,11634798.0,-0.9427
2026-04-16,1.368,1.394,1.368,1.389,12621900,17493082.0,1.6837
2026-04-17,1.389,1.397,1.384,1.392,9936400,13807377.0,0.216
2026-04-20,1.384,1.403,1.378,1.401,10772500,14996069.0,0.6466
2026-04-21,1.4,1.423,1.392,1.418,10756800,15131672.0,1.2134
2026-04-22,1.415,1.427,1.409,1.416,12053400,17063601.0,-0.141
2026-04-23,1.418,1.421,1.395,1.405,10732400,15118624.0,-0.7768
2026-04-24,1.402,1.42,1.399,1.413,14603100,20564506.0,0.5694
2026-04-27,1.413,1.416,1.402,1.41,8519100,12001160.0,-0.2123
2026-04-28,1.405,1.406,1.389,1.391,7580700,10587347.0,-1.3475
2026-04-29,1.391,1.437,1.38,1.433,12030500,17072068.0,3.0194
2026-04-30,1.436,1.438,1.421,1.433,11318300,16186745.0,0.0
2026-05-06,1.434,1.477,1.434,1.468,24304900,35642719.0,2.4424
2026-05-07,1.472,1.475,1.456,1.469,14598700,21393079.0,0.0681
2026-05-08,1.461,1.474,1.446,1.448,22078000,32086380.0,-1.4295
2026-05-11,1.442,1.479,1.442,1.47,10524600,15406041.0,1.5193
2026-05-12,1.47,1.474,1.448,1.458,9011100,13116651.0,-0.8163
2026-05-13,1.458,1.474,1.449,1.471,8946400,13094124.0,0.8916
2026-05-14,1.473,1.48,1.435,1.436,8913400,13061219.0,-2.3793
2026-05-15,1.426,1.453,1.405,1.427,9918600,14122066.0,-0.6267
2026-05-18,1.424,1.441,1.412,1.426,8995100,12846779.0,-0.0701
2026-05-19,1.419,1.44,1.413,1.44,9556700,13635412.0,0.9818
2026-05-20,1.435,1.46,1.424,1.449,11768200,16979727.0,0.625
2026-05-21,1.45,1.468,1.412,1.414,8728600,12591544.0,-2.4155
2026-05-22,1.413,1.433,1.413,1.431,8578000,12224829.0,1.2023
2026-05-25,1.43,1.433,1.409,1.423,11627800,16520088.0,-0.559
2026-05-26,1.42,1.439,1.408,1.425,7152600,10186905.0,0.1405
2026-05-27,1.429,1.466,1.428,1.436,11782200,17053544.0,0.7719
2026-05-28,1.436,1.451,1.418,1.45,12675600,18170799.0,0.9749
2026-05-29,1.45,1.45,1.411,1.416,13181200,18836798.0,-2.3448
2026-06-01,1.414,1.443,1.411,1.412,8219400,11726346.0,-0.2825
2026-06-02,1.412,1.418,1.38,1.405,10752600,15082383.0,-0.4958
2026-06-03,1.399,1.411,1.389,1.4,11591100,16245348.0,-0.3559
2026-06-04,1.385,1.387,1.371,1.378,11257100,15512461.0,-1.5714
2026-06-05,1.372,1.377,1.341,1.345,13089300,17749641.0,-2.3948
2026-06-08,1.327,1.355,1.287,1.297,8682900,11373750.0,-3.5688
2026-06-09,1.304,1.33,1.292,1.329,8256800,10840134.0,2.4672
2026-06-10,1.313,1.315,1.288,1.308,7517300,9761278.0,-1.5801
2026-06-11,1.304,1.313,1.292,1.306,6690200,8703503.0,-0.1529
2026-06-12,1.31,1.345,1.306,1.328,7458500,9915425.0,1.6845
2026-06-15,1.343,1.343,1.322,1.34,8012800,10676209.0,0.9036
2026-06-16,1.354,1.373,1.34,1.368,9995500,13572797.0,2.0896
2026-06-17,1.357,1.366,1.348,1.361,9294800,12615294.0,-0.5117
2026-06-18,1.35,1.364,1.336,1.343,7465800,10055626.0,-1.3226
2026-06-22,1.338,1.387,1.328,1.38,8543100,11572994.0,2.755
2026-06-23,1.38,1.38,1.325,1.329,11076000,14979071.0,-3.6957
2026-06-24,1.325,1.342,1.307,1.335,7268100,9632242.0,0.4515
2026-06-25,1.336,1.337,1.323,1.333,4501000,5980505.0,-0.1498
2026-06-26,1.332,1.344,1.3,1.301,11216800,14947015.0,-2.4006
2026-06-29,1.297,1.32,1.288,1.313,11165400,14563922.0,0.9224
2026-06-30,1.31,1.348,1.31,1.343,6635800,8839381.0,2.2848
2026-07-01,1.342,1.345,1.3,1.329,10432900,13859441.0,-1.0424
2026-07-02,1.35,1.35,1.292,1.296,8568900,11262190.0,-2.4831
2026-07-03,1.289,1.305,1.289,1.295,7106600,9231739.0,-0.0772
2026-07-06,1.298,1.304,1.272,1.273,6610900,8496763.0,-1.6988
2026-07-07,1.27,1.284,1.258,1.266,7199200,9130020.0,-0.5499
2026-07-08,1.265,1.265,1.221,1.223,8253600,10200764.0,-3.3965
2026-07-09,1.221,1.231,1.188,1.226,12752400,15488529.0,0.2453
2026-07-10,1.226,1.231,1.202,1.203,11914100,14548552.0,-1.876
2026-07-13,1.19,1.203,1.161,1.164,30951100,36377711.0,-3.2419
2026-07-14,1.165,1.175,1.142,1.175,6374900,7389027.0,0.945
2026-07-15,1.17,1.194,1.169,1.178,3883200,4587742.0,0.2553
2026-07-16,1.167,1.171,1.141,1.148,10871910,12552895.0,-2.5467
2026-07-17,1.147,1.162,1.117,1.125,9528700,10850495.0,-2.0035
2026-07-20,1.12,1.138,1.102,1.126,7246200,8127058.0,0.0889
2026-07-21,1.127,1.156,1.114,1.153,10505800,12003305.0,2.3979
2026-07-22,1.15,1.16,1.144,1.152,6605400,7606654.0,-0.0867
2026-07-23,1.142,1.181,1.142,1.181,7832700,9124094.0,2.5174
2026-07-24,1.168,1.178,1.154,1.155,5279000,6146123.0,-2.2015
2026-07-27,1.156,1.183,1.156,1.18,7521100,8811135.0,2.1645
2026-07-28,1.167,1.179,1.16,1.165,7539900,8787708.0,-1.2712
2026-07-29,1.166,1.18,1.138,1.173,4804100,5565772.0,0.6867
2026-07-30,1.158,1.182,1.158,1.17,4972600,5835847.0,-0.2558
2026-07-31,1.185,1.186,1.17,1.172,8602700,10152198.0,0.1709
2026-08-03,1.16,1.184,1.16,1.182,5673900,6683593.0,0.8532
2026-08-04,1.18,1.19,1.178,1.185,5664900,6712925.0,0.2538
2026-08-05,1.19,1.211,1.183,1.201,8395200,10047132.0,1.3502
2026-08-06,1.196,1.2,1.177,1.187,5959000,7080908.0,-1.1657
2026-08-07,1.187,1.204,1.175,1.203,4217100,5034016.0,1.3479
2026-08-10,1.204,1.212,1.197,1.211,5590900,6732320.0,0.665
2026-08-11,1.211,1.223,1.203,1.217,5524200,6721181.0,0.4955
2026-08-12,1.217,1.227,1.211,1.226,4633400,5659457.0,0.7395
2026-08-13,1.226,1.23,1.215,1.215,5215600,6393513.0,-0.8972
2026-08-14,1.221,1.228,1.209,1.214,6463600,7853660.0,-0.0823
2026-08-17,1.214,1.237,1.213,1.237,4932300,6048057.0,1.8946
2026-08-18,1.237,1.24,1.226,1.235,5726600,7055986.0,-0.1617
2026-08-19,1.227,1.243,1.199,1.201,5024300,6096003.0,-2.753
2026-08-20,1.203,1.25,1.19,1.192,5487400,6577915.0,-0.7494
2026-08-21,1.187,1.212,1.185,1.2,4476500,5377187.0,0.6711
2026-08-24,1.2,1.212,1.184,1.192,3877000,4648474.0,-0.6667
2026-08-25,1.181,1.195,1.174,1.183,3183100,3759597.0,-0.755
2026-08-26,1.179,1.205,1.179,1.199,4546300,5444054.0,1.3525
2026-08-27,1.189,1.198,1.171,1.187,8914600,10523921.0,-1.0008
2026-08-28,1.192,1.192,1.18,1.181,4135000,4896956.0,-0.5055
2026-08-31,1.174,1.174,1.153,1.168,7435900,8641242.0,-1.1008
2026-09-01,1.168,1.171,1.158,1.161,4398000,5110973.0,-0.5993
2026-09-02,1.151,1.159,1.138,1.141,8428700,9650696.0,-1.7227
2026-09-03,1.142,1.149,1.136,1.145,4501900,5148065.0,0.3506
2026-09-04,1.145,1.152,1.132,1.139,6143000,7018680.0,-0.524
2026-09-07,1.134,1.142,1.132,1.139,4281100,4871291.0,0.0
2026-09-08,1.138,1.141,1.13,1.135,4114100,4670227.0,-0.3512
2026-09-09,1.135,1.138,1.126,1.137,44221000,49993622.0,0.1762
2026-09-10,1.135,1.135,1.125,1.132,5565200,6289530.0,-0.4398
2026-09-11,1.125,1.136,1.105,1.117,5431900,6052797.0,-1.3251
2026-09-14,1.115,1.132,1.113,1.127,5466400,6151203.0,0.8953
2026-09-15,1.123,1.132,1.116,1.118,5542600,6228855.0,-0.7986
2026-09-16,1.118,1.123,1.1,1.118,5907799,6549241.0,0.0
2026-09-17,1.115,1.118,1.109,1.114,3159500,3517557.0,-0.3578
2026-09-18,1.118,1.131,1.113,1.131,3659100,4112274.0,1.526
