date,open,high,low,close,volume,amount
2022-01-07,0.966,0.971,0.947,0.948,101544208.0,97445800.0
2022-01-10,0.94,0.944,0.933,0.939,59772657.99999999,56112200.0
2022-01-11,0.939,0.959,0.938,0.944,85592216.0,81178000.0
2022-01-12,0.943,0.95,0.935,0.946,59528181.00000001,56025000.0
2022-01-13,0.947,0.947,0.931,0.936,59685366.0,55849900.0
2022-01-14,0.927,0.941,0.923,0.928,46823096.0,43641500.0
2022-01-17,0.929,0.936,0.923,0.932,32483878.000000004,30276000.0
2022-01-18,0.931,0.96,0.924,0.954,98503895.0,93323200.0
2022-01-19,0.954,0.954,0.938,0.944,72136393.0,68077100.0
2022-01-20,0.944,0.956,0.931,0.944,92091746.0,86988799.99999999
2022-01-21,0.939,0.957,0.932,0.932,89724783.0,84756900.0
2022-01-24,0.928,0.936,0.921,0.932,48875780.0,45376800.0
2022-01-25,0.93,0.93,0.89,0.89,96118301.0,87333000.0
2022-01-26,0.896,0.913,0.893,0.904,60905818.00000001,55109900.0
2022-01-27,0.906,0.906,0.888,0.889,48800270.0,43719200.0
2022-01-28,0.894,0.897,0.872,0.883,61393005.00000001,54324100.0
2022-02-07,0.891,0.907,0.89,0.907,57898743.00000001,52163000.0
2022-02-08,0.907,0.93,0.899,0.929,76635151.0,70149600.0
2022-02-09,0.93,0.952,0.923,0.946,103950309.0,97840200.0
2022-02-10,0.948,0.957,0.942,0.952,87570299.0,83147000.0
2022-02-11,0.95,0.956,0.937,0.94,56144166.0,53103700.0
2022-02-14,0.935,0.935,0.91,0.915,72510673.0,66692200.0
2022-02-15,0.919,0.919,0.907,0.915,56461851.0,51497600.0
2022-02-16,0.919,0.925,0.911,0.914,60992230.00000001,56028100.00000001
2022-02-17,0.912,0.921,0.907,0.918,60338774.0,55203900.0
2022-02-18,0.908,0.925,0.907,0.918,56764481.99999999,51957500.0
2022-02-21,0.922,0.922,0.91,0.918,58463580.00000001,53483500.0
2022-02-22,0.908,0.913,0.899,0.905,71801062.0,64957200.0
2022-02-23,0.905,0.912,0.905,0.912,53151042.00000001,48293900.0
2022-02-24,0.907,0.931,0.894,0.905,142952175.0,130876000.0
2022-02-25,0.908,0.938,0.908,0.938,139693377.0,128990600.0
2022-02-28,0.93,0.949,0.926,0.941,106320581.0,99558600.0
2022-03-01,0.944,0.951,0.937,0.942,77994780.0,73557000.0
2022-03-02,0.932,0.944,0.931,0.939,61982740.0,58071899.99999999
2022-03-03,0.944,0.957,0.942,0.952,95594975.0,90969100.0
2022-03-04,0.942,0.959,0.934,0.949,117879975.0,111534200.0
2022-03-07,0.943,0.963,0.934,0.938,95911807.0,90965700.0
2022-03-08,0.933,0.937,0.9,0.905,110898554.0,101898500.0
2022-03-09,0.91,0.932,0.883,0.919,124687304.0,113724400.0
2022-03-10,0.932,0.948,0.915,0.94,141193499.0,131843500.0
2022-03-11,0.921,0.925,0.897,0.92,116540771.0,106315600.0
2022-03-14,0.907,0.911,0.888,0.889,73694922.0,66337600.0
2022-03-15,0.889,0.889,0.82,0.826,137759392.0,117370700.0
2022-03-16,0.837,0.863,0.816,0.861,140063777.0,117903000.0
2022-03-17,0.867,0.875,0.858,0.86,110176346.0,95479700.0
2022-03-18,0.861,0.883,0.852,0.88,107385858.0,93914900.0
2022-03-21,0.876,0.88,0.864,0.875,91392431.0,79791900.0
2022-03-22,0.873,0.88,0.865,0.877,55330196.0,48188000.0
2022-03-23,0.885,0.89,0.873,0.875,60605962.0,53327900.0
2022-03-24,0.865,0.871,0.857,0.858,57705584.0,49721100.0
2022-03-25,0.857,0.858,0.841,0.844,57635262.0,48992200.0
2022-03-28,0.842,0.853,0.83,0.853,51550282.0,43360500.0
2022-03-29,0.853,0.863,0.85,0.851,79283085.0,67800700.0
2022-03-30,0.855,0.863,0.854,0.863,60865212.0,52298200.0
2022-03-31,0.863,0.864,0.852,0.853,64993317.00000001,55603100.00000001
2022-04-01,0.84,0.86,0.837,0.858,57812700.0,49235000.0
2022-04-06,0.851,0.865,0.85,0.865,48782100.0,41826200.0
2022-04-07,0.863,0.864,0.85,0.851,48546400.0,41687500.0
2022-04-08,0.849,0.856,0.842,0.85,54992000.0,46723500.0
2022-04-11,0.851,0.853,0.821,0.83,66622800.0,55802000.0
2022-04-12,0.825,0.834,0.813,0.834,74980800.0,61651800.0
2022-04-13,0.829,0.831,0.818,0.822,42309500.0,34849200.0
2022-04-14,0.823,0.826,0.815,0.816,56952600.0,46715300.0
2022-04-15,0.813,0.83,0.807,0.825,75781300.0,62141500.0
2022-04-18,0.823,0.832,0.811,0.828,50435800.0,41364300.0
2022-04-19,0.823,0.843,0.823,0.839,62894900.0,52653500.0
2022-04-20,0.839,0.843,0.824,0.827,53658200.0,44828800.0
2022-04-21,0.83,0.83,0.802,0.804,62947500.0,51364200.0
2022-04-22,0.795,0.833,0.792,0.829,86913600.0,70811900.0
2022-04-25,0.812,0.828,0.795,0.796,90075800.0,73355000.0
2022-04-26,0.793,0.801,0.774,0.775,92128900.0,72571600.0
2022-04-27,0.761,0.8,0.761,0.8,80492700.0,62863200.0
2022-04-28,0.794,0.814,0.794,0.805,78881200.0,63391200.0
2022-04-29,0.826,0.826,0.801,0.821,87403500.0,71018600.0
2022-05-05,0.82,0.831,0.814,0.826,72132900.0,59405500.0
2022-05-06,0.807,0.814,0.8,0.801,66267200.0,53471600.0
2022-05-09,0.801,0.815,0.797,0.812,53918900.0,43734799.99999999
2022-05-10,0.801,0.836,0.798,0.834,86067500.0,70902000.0
2022-05-11,0.834,0.845,0.83,0.832,69547200.0,58276200.0
2022-05-12,0.839,0.852,0.826,0.835,89690500.0,75430100.0
2022-05-13,0.835,0.848,0.833,0.846,61596400.0,51850300.0
2022-05-16,0.84,0.848,0.835,0.84,52379000.0,43961800.0
2022-05-17,0.835,0.841,0.828,0.836,45143300.0,37568800.0
2022-05-18,0.83,0.848,0.83,0.841,50573000.0,42443300.0
2022-05-19,0.828,0.853,0.827,0.851,56608800.0,47657200.0
2022-05-20,0.853,0.868,0.852,0.863,68218200.0,58761300.0
2022-05-23,0.865,0.865,0.849,0.856,34326900.0,29331300.0
2022-05-24,0.858,0.861,0.832,0.836,49082300.0,41681300.0
2022-05-25,0.831,0.862,0.83,0.862,76085500.0,64524600.0
2022-05-26,0.864,0.87,0.854,0.865,74149300.0,64064900.0
2022-05-27,0.859,0.869,0.855,0.862,59136800.0,50958700.0
2022-05-30,0.86,0.867,0.858,0.867,41488900.0,35788500.0
2022-05-31,0.869,0.88,0.863,0.878,71730800.0,62726100.0
2022-06-01,0.875,0.879,0.864,0.876,58327100.0,50916200.0
2022-06-02,0.876,0.877,0.866,0.875,61921900.0,53980600.00000001
2022-06-06,0.875,0.879,0.864,0.878,70645300.0,61499300.0
2022-06-07,0.878,0.883,0.869,0.873,56526500.0,49507200.0
2022-06-08,0.873,0.887,0.87,0.886,73224100.0,64458700.0
2022-06-09,0.886,0.893,0.871,0.873,79862700.0,70553600.0
2022-06-10,0.862,0.892,0.862,0.892,76629500.0,67737400.0
2022-06-13,0.885,0.885,0.863,0.873,77952500.0,68024000.0
2022-06-14,0.867,0.88,0.855,0.879,76801200.0,66651700.0
2022-06-15,0.878,0.888,0.871,0.876,81701300.0,71767800.0
2022-06-16,0.872,0.879,0.868,0.871,48955700.0,42748300.0
2022-06-17,0.864,0.877,0.864,0.876,60705500.0,52873400.0
2022-06-20,0.876,0.897,0.872,0.893,71451500.0,63332500.0
2022-06-21,0.9,0.904,0.888,0.898,88137000.0,79028100.0
2022-06-22,0.9,0.9,0.88,0.882,56603400.0,50338600.0
2022-06-23,0.883,0.885,0.87,0.885,67028400.0,58776300.0
2022-06-24,0.884,0.887,0.875,0.883,75640100.0,66634100.0
2022-06-27,0.886,0.887,0.876,0.882,74540800.0,65706400.0
2022-06-28,0.883,0.894,0.881,0.894,84835600.0,75371200.0
2022-06-29,0.89,0.893,0.882,0.884,83312200.0,73917100.0
2022-06-30,0.884,0.894,0.882,0.889,79687300.0,70731400.0
2022-07-01,0.887,0.908,0.887,0.901,147218700.0,132457900.00000001
2022-07-04,0.903,0.927,0.893,0.924,170385400.0,156468300.0
2022-07-05,0.924,0.938,0.921,0.931,113472000.0,105545100.0
2022-07-06,0.93,0.946,0.917,0.925,87811800.0,81521300.0
2022-07-07,0.925,0.948,0.925,0.941,101512600.0,95175900.0
2022-07-08,0.944,0.947,0.933,0.945,71187800.0,66874500.0
2022-07-11,0.945,0.959,0.943,0.952,94480700.0,89826900.0
2022-07-12,0.945,0.97,0.941,0.958,113249000.0,108393900.0
2022-07-13,0.953,0.969,0.943,0.969,81474400.0,78089000.0
2022-07-14,0.969,0.97,0.937,0.943,113396900.0,107306900.0
2022-07-15,0.942,0.945,0.93,0.931,69748000.0,65332700.00000001
2022-07-18,0.931,0.96,0.931,0.96,85620000.0,81333100.0
2022-07-19,0.958,0.958,0.939,0.945,66053100.0,62486300.0
2022-07-20,0.945,0.947,0.933,0.945,79845700.0,74975900.0
2022-07-21,0.941,0.942,0.922,0.923,87299100.0,81175600.0
2022-07-22,0.92,0.932,0.912,0.921,77677500.0,71570500.0
2022-07-25,0.92,0.921,0.9,0.903,71143100.0,64476600.0
2022-07-26,0.9,0.906,0.895,0.905,60294000.0,54372100.0
2022-07-27,0.902,0.906,0.898,0.904,65151600.0,58759000.0
2022-07-28,0.906,0.913,0.904,0.905,75876100.0,68930300.0
2022-07-29,0.905,0.924,0.905,0.911,109695800.0,100486299.99999999
2022-08-01,0.905,0.906,0.891,0.903,89303700.0,80115000.0
2022-08-02,0.9,0.9,0.858,0.87,130847000.0,114089300.0
2022-08-03,0.863,0.879,0.855,0.857,97706700.0,84911000.0
2022-08-04,0.858,0.875,0.858,0.875,102999700.0,89224300.0
2022-08-05,0.875,0.878,0.863,0.876,98215900.0,85325000.0
2022-08-08,0.876,0.889,0.869,0.888,85183400.0,75143300.0
2022-08-09,0.881,0.889,0.879,0.885,65956400.0,58343200.0
2022-08-10,0.885,0.885,0.871,0.875,60524200.0,53023000.0
2022-08-11,0.875,0.89,0.875,0.89,83209700.0,73729400.0
2022-08-12,0.889,0.904,0.887,0.899,89240900.0,80243700.0
2022-08-15,0.898,0.914,0.895,0.912,92387000.0,83734700.0
2022-08-16,0.915,0.93,0.913,0.923,132758000.0,122223200.0
2022-08-17,0.923,0.941,0.923,0.937,110285700.0,102751700.0
2022-08-18,0.937,0.938,0.914,0.917,111923100.0,103571299.99999999
2022-08-19,0.92,0.959,0.905,0.955,198624400.0,186479400.0
2022-08-22,0.96,0.967,0.943,0.948,145409600.0,138805300.0
2022-08-23,0.941,0.964,0.938,0.959,116085800.0,110849000.0
2022-08-24,0.96,0.96,0.934,0.938,108407300.0,102555700.0
2022-08-25,0.94,0.955,0.934,0.949,99883600.0,94398000.0
2022-08-26,0.945,0.964,0.941,0.95,114198800.0,108689500.0
2022-08-29,0.935,0.948,0.931,0.946,120136200.0,112828700.00000001
2022-08-30,0.943,0.953,0.925,0.93,98522700.0,92011500.0
2022-08-31,0.929,0.935,0.913,0.917,147259800.0,135841000.0
2022-09-01,0.914,0.922,0.906,0.906,130960200.0,120015500.0
2022-09-02,0.907,0.934,0.907,0.915,164219000.0,151622200.0
2022-09-05,0.915,0.936,0.913,0.935,103356000.0,96119000.0
2022-09-06,0.932,0.96,0.929,0.96,106270500.0,100591100.0
2022-09-07,0.955,0.976,0.942,0.973,113172700.0,108657000.0
2022-09-08,0.973,0.994,0.968,0.977,116288800.0,114071900.0
2022-09-09,0.972,0.982,0.964,0.974,85154600.0,82825800.0
2022-09-13,0.97,0.975,0.952,0.953,98071300.0,93973200.0
2022-09-14,0.946,0.949,0.934,0.941,87256700.0,82055600.0
2022-09-15,0.945,0.947,0.912,0.927,86837300.0,80520100.0
2022-09-16,0.921,0.923,0.89,0.893,169747300.0,153601200.0
2022-09-19,0.887,0.893,0.87,0.883,94694300.0,83285600.0
2022-09-20,0.885,0.891,0.882,0.886,102860700.0,91160900.0
2022-09-21,0.88,0.904,0.875,0.901,162163400.0,145136800.0
2022-09-22,0.894,0.901,0.887,0.896,206499900.0,185133400.0
2022-09-23,0.896,0.907,0.877,0.881,88885900.0,79186500.0
2022-09-26,0.878,0.883,0.863,0.866,83335000.0,72849300.0
2022-09-27,0.866,0.874,0.859,0.873,76566700.0,66398500.0
2022-09-28,0.872,0.877,0.849,0.85,106880800.0,91632700.0
2022-09-29,0.856,0.859,0.84,0.845,70823900.0,60141100.0
2022-09-30,0.845,0.852,0.843,0.844,66179100.0,56095500.0
2022-10-10,0.843,0.858,0.843,0.848,132048900.0,112420900.0
2022-10-11,0.848,0.878,0.845,0.878,101277200.0,87741299.99999999
2022-10-12,0.875,0.887,0.861,0.887,122298100.0,106715700.0
2022-10-13,0.879,0.904,0.879,0.901,95657400.0,85453200.0
2022-10-14,0.904,0.91,0.896,0.91,85179600.0,77083400.0
2022-10-17,0.909,0.909,0.884,0.901,76575000.0,68625800.0
2022-10-18,0.898,0.91,0.898,0.9,273119000.0,246560700.0
2022-10-19,0.896,0.903,0.88,0.888,129871800.0,116110700.0
2022-10-20,0.888,0.89,0.875,0.876,84122500.0,74217300.0
2022-10-21,0.875,0.902,0.875,0.895,91187700.0,81580100.0
2022-10-24,0.896,0.898,0.871,0.877,151830300.0,134204100.0
2022-10-25,0.877,0.887,0.872,0.88,139944400.0,123294599.99999999
2022-10-26,0.88,0.893,0.877,0.887,73436100.0,65145300.0
2022-10-27,0.887,0.888,0.861,0.864,190735600.0,165615700.0
2022-10-28,0.855,0.869,0.828,0.833,108520800.0,91628100.0
2022-10-31,0.83,0.836,0.821,0.829,59776300.0,49622600.0
2022-11-01,0.831,0.841,0.825,0.841,74190000.0,61752600.0
2022-11-02,0.835,0.84,0.828,0.84,158361300.0,131897099.99999999
2022-11-03,0.833,0.84,0.831,0.835,70265900.0,58662200.0
2022-11-04,0.834,0.857,0.834,0.854,149795300.0,127116100.0
2022-11-07,0.853,0.857,0.846,0.857,90186300.0,76854100.0
2022-11-08,0.857,0.857,0.845,0.849,107191600.0,91091299.99999999
2022-11-09,0.848,0.854,0.846,0.849,78557200.0,66812700.00000001
2022-11-10,0.846,0.856,0.845,0.848,60432400.0,51353700.0
2022-11-11,0.857,0.863,0.85,0.857,124697000.0,106669900.0
2022-11-14,0.858,0.86,0.845,0.847,142069300.0,121056800.0
2022-11-15,0.846,0.861,0.845,0.861,102654100.0,87529700.0
2022-11-16,0.862,0.883,0.862,0.868,146394900.0,127623600.0
2022-11-17,0.865,0.865,0.853,0.862,88112700.0,75560400.0
2022-11-18,0.863,0.868,0.856,0.865,124242200.0,107205200.0
2022-11-21,0.86,0.872,0.855,0.871,73445600.0,63631100.0
2022-11-22,0.871,0.881,0.863,0.87,92564700.0,80532300.0
2022-11-23,0.87,0.887,0.869,0.886,158309800.0,139486400.0
2022-11-24,0.888,0.894,0.884,0.884,88222300.0,78388500.0
2022-11-25,0.883,0.893,0.882,0.891,98705000.0,87746000.0
2022-11-28,0.885,0.902,0.874,0.902,96191400.0,85747800.0
2022-11-29,0.902,0.903,0.891,0.895,122261300.0,109328500.0
2022-11-30,0.894,0.901,0.888,0.892,77119600.0,68933900.0
2022-12-01,0.899,0.899,0.888,0.891,71264700.0,63506200.0
2022-12-02,0.886,0.893,0.884,0.89,68531300.0,60904000.0
2022-12-05,0.892,0.903,0.889,0.9,147165700.0,131970000.0
2022-12-06,0.897,0.9,0.885,0.889,105047200.0,93597300.0
2022-12-07,0.885,0.888,0.877,0.88,75182500.0,66224100.0
2022-12-08,0.878,0.88,0.869,0.873,86772600.0,75852300.0
2022-12-09,0.871,0.875,0.863,0.865,73639600.0,63786400.0
2022-12-12,0.867,0.867,0.849,0.853,96861200.0,82774800.0
2022-12-13,0.85,0.856,0.849,0.853,99403600.0,84779599.99999999
2022-12-14,0.853,0.854,0.845,0.847,89487400.0,76024000.0
2022-12-15,0.847,0.852,0.843,0.852,70396200.0,59645000.0
2022-12-16,0.85,0.858,0.847,0.852,97879400.0,83400800.0
2022-12-19,0.852,0.854,0.831,0.833,96418900.0,81064600.0
2022-12-20,0.833,0.838,0.828,0.837,64711300.0,53989600.0
2022-12-21,0.837,0.84,0.827,0.829,79212600.0,65810100.0
2022-12-22,0.833,0.834,0.815,0.816,71274500.0,58736400.0
2022-12-23,0.813,0.822,0.813,0.818,80266600.0,65632299.99999999
2022-12-26,0.82,0.836,0.817,0.834,112964400.0,93485600.0
2022-12-27,0.836,0.837,0.83,0.835,128304700.0,106824500.0
2022-12-28,0.832,0.861,0.831,0.859,170090100.0,144919200.0
2022-12-29,0.852,0.856,0.849,0.854,87264300.0,74402100.0
2022-12-30,0.854,0.868,0.853,0.863,87123000.0,74987800.0
2023-01-03,0.863,0.886,0.861,0.884,143448800.0,125745400.00000001
2023-01-04,0.88,0.886,0.876,0.882,90762700.0,79887100.0
2023-01-05,0.883,0.89,0.882,0.884,101082200.0,89584800.0
2023-01-06,0.883,0.898,0.882,0.888,125827400.0,112294900.0
2023-01-09,0.888,0.892,0.877,0.879,143813500.0,126689900.0
2023-01-10,0.879,0.882,0.872,0.873,57742400.0,50537100.0
2023-01-11,0.875,0.875,0.865,0.869,122753000.0,106759900.0
2023-01-12,0.866,0.872,0.865,0.868,71280800.0,61877000.0
2023-01-13,0.869,0.87,0.86,0.867,68881900.0,59501000.0
2023-01-16,0.868,0.871,0.862,0.868,127968400.0,111081500.0
2023-01-17,0.868,0.868,0.858,0.861,135764300.0,117005800.0
2023-01-18,0.861,0.865,0.861,0.864,98578500.0,85135000.0
2023-01-19,0.863,0.863,0.855,0.861,109597500.0,94008100.0
2023-01-20,0.862,0.874,0.859,0.874,167701400.0,145762000.0
2023-01-30,0.88,0.881,0.87,0.87,149058400.0,130163100.0
2023-01-31,0.869,0.876,0.866,0.875,182862600.0,159195400.0
2023-02-01,0.874,0.877,0.866,0.876,238790600.0,208329900.00000003
2023-02-02,0.875,0.88,0.871,0.876,164723700.0,144292800.0
2023-02-03,0.873,0.874,0.865,0.871,307258500.0,267466500.0
2023-02-06,0.866,0.877,0.865,0.871,120492300.0,105071500.0
2023-02-07,0.871,0.88,0.871,0.88,151870100.0,133252900.00000001
2023-02-08,0.881,0.883,0.876,0.877,117640100.0,103400900.0
2023-02-09,0.875,0.881,0.875,0.881,110593200.0,97075900.0
2023-02-10,0.881,0.892,0.877,0.889,153853600.0,135845400.0
2023-02-13,0.891,0.9,0.884,0.89,169570200.0,150930300.0
2023-02-14,0.891,0.896,0.885,0.891,101070600.0,90011100.0
2023-02-15,0.891,0.891,0.882,0.883,109527200.0,96986400.0
2023-02-16,0.883,0.889,0.867,0.872,173162700.0,152674100.0
2023-02-17,0.87,0.874,0.865,0.865,89412100.0,77869800.0
2023-02-20,0.865,0.876,0.862,0.876,125062800.0,108665300.0
2023-02-21,0.876,0.881,0.872,0.878,74347600.0,65198900.0
2023-02-22,0.874,0.882,0.872,0.876,68554100.0,60215000.0
2023-02-23,0.876,0.876,0.868,0.872,179396500.0,156101700.0
2023-02-24,0.874,0.874,0.865,0.871,58552900.0,50896899.99999999
2023-02-27,0.87,0.871,0.863,0.867,65519500.0,56810200.00000001
2023-02-28,0.868,0.879,0.867,0.879,98391300.0,85776400.0
2023-03-01,0.879,0.886,0.876,0.886,130147400.0,114795400.00000001
2023-03-02,0.887,0.892,0.881,0.886,129077500.0,114546700.0
2023-03-03,0.887,0.901,0.884,0.898,122386200.0,109373400.0
2023-03-06,0.9,0.906,0.896,0.903,106422100.0,95835300.0
2023-03-07,0.903,0.911,0.893,0.893,167600200.0,151637800.0
2023-03-08,0.892,0.895,0.886,0.889,60672700.0,54036200.0
2023-03-09,0.889,0.894,0.885,0.889,64197900.0,57051800.0
2023-03-10,0.887,0.887,0.876,0.876,74266600.0,65376899.99999999
2023-03-13,0.875,0.886,0.875,0.883,132441000.0,116810200.0
2023-03-14,0.881,0.896,0.88,0.89,97747200.0,86879700.0
2023-03-15,0.89,0.904,0.884,0.902,113554700.0,101826100.0
2023-03-16,0.897,0.903,0.889,0.894,137937200.0,123838400.0
2023-03-17,0.898,0.905,0.894,0.897,147069700.0,132434400.0
2023-03-20,0.898,0.903,0.882,0.882,142995100.0,127499599.99999999
2023-03-21,0.887,0.889,0.882,0.884,98087700.0,86732500.0
2023-03-22,0.884,0.89,0.881,0.885,134911200.0,119248700.00000001
2023-03-23,0.884,0.887,0.877,0.887,98121300.0,86499200.0
2023-03-24,0.886,0.888,0.879,0.879,89768300.0,79133400.0
2023-03-27,0.88,0.881,0.863,0.867,154428000.0,133938500.0
2023-03-28,0.866,0.868,0.862,0.864,95148700.0,82287600.0
2023-03-29,0.866,0.868,0.859,0.861,163399600.0,140896600.0
2023-03-30,0.862,0.868,0.858,0.868,93710500.0,80980500.0
2023-03-31,0.869,0.872,0.867,0.869,80863800.0,70293500.0
2023-04-03,0.867,0.869,0.862,0.863,230024600.0,199103700.0
2023-04-04,0.865,0.87,0.862,0.869,251212900.0,217656500.0
2023-04-06,0.869,0.869,0.863,0.865,111497000.0,96416900.0
2023-04-07,0.867,0.87,0.866,0.869,123429300.0,107176299.99999999
2023-04-10,0.871,0.891,0.871,0.891,185133700.0,163510000.0
2023-04-11,0.89,0.89,0.882,0.886,134267100.0,118739300.0
2023-04-12,0.885,0.89,0.883,0.886,82782000.0,73304300.0
2023-04-13,0.89,0.896,0.884,0.891,252309200.0,224238200.0
2023-04-14,0.891,0.903,0.889,0.901,246507100.0,221581000.0
2023-04-17,0.903,0.913,0.902,0.911,156220200.0,141951400.0
2023-04-18,0.91,0.911,0.899,0.904,253078400.0,228320500.0
2023-04-19,0.9,0.91,0.898,0.899,120459200.0,108906400.0
2023-04-20,0.901,0.903,0.89,0.899,127233900.0,113648100.0
2023-04-21,0.895,0.901,0.887,0.887,84938300.0,76010500.0
2023-04-24,0.888,0.899,0.885,0.892,132277500.0,118005500.0
2023-04-25,0.893,0.901,0.88,0.891,115796600.0,103116400.0
2023-04-26,0.891,0.91,0.891,0.908,234061200.0,211640400.0
2023-04-27,0.907,0.913,0.894,0.911,304314100.0,275147600.0
2023-04-28,0.909,0.915,0.9,0.911,659724600.0,599526200.0
2023-05-04,0.908,0.939,0.906,0.937,191091100.0,177627900.0
2023-05-05,0.935,0.944,0.925,0.934,185380400.0,172765500.0
2023-05-08,0.935,0.955,0.931,0.944,335848900.0,317701000.0
2023-05-09,0.944,0.948,0.932,0.934,185863200.0,174858700.0
2023-05-10,0.933,0.942,0.923,0.925,140786400.0,131210400.00000001
2023-05-11,0.924,0.954,0.922,0.942,175141500.0,164734800.0
2023-05-12,0.942,0.966,0.935,0.952,179006100.0,170639600.0
2023-05-15,0.958,0.961,0.935,0.944,315325200.0,297533800.0
2023-05-16,0.944,0.951,0.933,0.942,177571000.0,167519400.0
2023-05-17,0.939,0.952,0.934,0.948,165396100.0,155985600.0
2023-05-18,0.945,0.956,0.937,0.942,245384600.0,231773100.0
2023-05-19,0.939,0.94,0.928,0.929,131568900.0,122885500.0
2023-05-22,0.93,0.961,0.93,0.959,272858800.0,260129600.0
2023-05-23,0.955,0.958,0.936,0.936,220061300.0,207564199.99999997
2023-05-24,0.935,0.94,0.925,0.926,188414300.0,175443400.0
2023-05-25,0.926,0.94,0.923,0.939,160265700.0,149704800.0
2023-05-26,0.94,0.952,0.939,0.945,189344200.0,178846100.0
2023-05-29,0.944,0.977,0.941,0.975,223780700.0,216467300.0
2023-05-30,0.974,0.975,0.959,0.969,211022800.0,204045400.0
2023-05-31,0.969,0.97,0.953,0.962,294217000.0,282096700.0
2023-06-01,0.962,0.964,0.944,0.945,267154400.0,253828300.00000003
2023-06-02,0.947,0.955,0.943,0.946,185249400.0,175505200.0
2023-06-05,0.946,0.955,0.94,0.945,549611800.0,519960600.0
2023-06-06,0.946,0.948,0.919,0.922,268737500.0,249700600.0
2023-06-07,0.92,0.925,0.915,0.919,172641600.0,158835300.0
2023-06-08,0.917,0.929,0.912,0.928,209125700.0,192857300.0
2023-06-09,0.928,0.945,0.924,0.945,165643700.0,155183200.0
2023-06-12,0.942,0.948,0.926,0.928,169608500.0,158283700.0
2023-06-13,0.928,0.931,0.918,0.921,199649000.0,184117500.0
2023-06-14,0.924,0.924,0.909,0.91,273674900.0,250122700.0
2023-06-15,0.91,0.919,0.906,0.919,336070800.0,306393900.0
2023-06-16,0.917,0.917,0.907,0.911,329024600.0,299817900.0
2023-06-19,0.911,0.921,0.905,0.919,362160000.0,331012800.0
2023-06-20,0.92,0.92,0.91,0.915,197844000.0,181083900.0
2023-06-21,0.915,0.93,0.913,0.918,333216500.0,307566600.0
2023-06-26,0.918,0.942,0.915,0.942,423709100.0,395294200.0
2023-06-27,0.943,0.943,0.92,0.937,355250800.0,330387100.0
2023-06-28,0.931,0.953,0.931,0.951,574732400.0,543953800.0
2023-06-29,0.947,0.949,0.937,0.944,422215400.0,398683900.0
2023-06-30,0.944,0.949,0.935,0.94,208205300.0,195513700.0
2023-07-03,0.941,0.951,0.937,0.948,170306000.0,160812200.0
2023-07-04,0.948,0.948,0.934,0.941,184953500.0,173661699.99999997
2023-07-05,0.94,0.947,0.936,0.938,124306800.0,116794400.0
2023-07-06,0.94,0.942,0.934,0.936,219176600.0,205452900.0
2023-07-07,0.936,0.946,0.934,0.944,167785400.0,158169200.0
2023-07-10,0.952,0.96,0.942,0.951,327643400.0,310971200.0
2023-07-11,0.95,0.95,0.936,0.945,201016900.0,189390400.0
2023-07-12,0.943,0.95,0.94,0.944,209036800.0,197475800.00000003
2023-07-13,0.944,0.949,0.94,0.948,119436900.0,112958500.0
2023-07-14,0.945,0.947,0.936,0.937,451730400.0,423773900.0
2023-07-17,0.94,0.943,0.935,0.938,269014800.0,252079900.00000003
2023-07-18,0.938,0.939,0.928,0.93,134640100.0,125327000.0
2023-07-19,0.932,0.934,0.924,0.93,101389800.0,94135100.0
2023-07-20,0.93,0.932,0.919,0.92,115815600.0,107114500.0
2023-07-21,0.922,0.925,0.918,0.921,113463200.0,104589100.0
2023-07-24,0.92,0.928,0.915,0.926,142964800.0,132086200.00000001
2023-07-25,0.929,0.931,0.912,0.92,222798800.0,204502000.0
2023-07-26,0.918,0.919,0.912,0.919,205000800.0,187429800.0
2023-07-27,0.917,0.924,0.913,0.915,137593500.0,126255500.0
2023-07-28,0.913,0.919,0.908,0.918,165092500.0,150902700.0
2023-07-31,0.92,0.925,0.918,0.925,268179000.0,247162599.99999997
2023-08-01,0.926,0.938,0.924,0.937,222645500.0,207419500.0
2023-08-02,0.938,0.938,0.928,0.929,105964300.0,98631700.0
2023-08-03,0.929,0.937,0.926,0.935,104749400.0,97785300.0
2023-08-04,0.938,0.942,0.931,0.931,131081600.0,122474400.0
2023-08-07,0.932,0.937,0.926,0.936,105589800.0,98490300.0
2023-08-08,0.935,0.942,0.93,0.933,146130400.0,136424200.0
2023-08-09,0.932,0.933,0.92,0.922,151963900.0,140198100.0
2023-08-10,0.924,0.927,0.921,0.925,89282200.0,82524900.0
2023-08-11,0.928,0.928,0.909,0.909,86540800.0,79240700.0
2023-08-14,0.908,0.919,0.901,0.918,103889200.0,94665100.0
2023-08-15,0.913,0.929,0.913,0.922,109932200.0,101444400.0
2023-08-16,0.92,0.921,0.914,0.914,50476400.0,46271100.0
2023-08-17,0.912,0.917,0.906,0.915,68919800.0,62728000.0
2023-08-18,0.915,0.921,0.912,0.912,79752200.0,73060700.0
2023-08-21,0.912,0.913,0.9,0.9,107010900.0,97067000.0
2023-08-22,0.901,0.907,0.889,0.899,120830300.0,108355000.0
2023-08-23,0.897,0.899,0.886,0.887,67807500.0,60641500.0
2023-08-24,0.888,0.891,0.876,0.879,85010600.0,74891600.0
2023-08-25,0.876,0.893,0.874,0.883,106927600.0,94819300.0
2023-08-28,0.912,0.917,0.881,0.889,112228500.0,100464500.0
2023-08-29,0.887,0.891,0.882,0.888,117731700.0,104449800.0
2023-08-30,0.889,0.893,0.877,0.88,146482000.0,129206700.0
2023-08-31,0.879,0.885,0.878,0.882,61091100.0,53820000.0
2023-09-01,0.882,0.883,0.876,0.882,97915500.0,86097700.0
2023-09-04,0.882,0.884,0.873,0.883,221142100.0,194753900.0
2023-09-05,0.882,0.893,0.88,0.892,122774400.0,108977900.00000001
2023-09-06,0.887,0.89,0.885,0.887,68690500.0,60930700.0
2023-09-07,0.888,0.888,0.875,0.875,87903500.0,77177600.0
2023-09-08,0.872,0.889,0.871,0.886,114395900.0,100725700.0
2023-09-11,0.886,0.892,0.883,0.891,89669300.0,79710000.0
2023-09-12,0.891,0.898,0.889,0.893,58228300.0,52041600.0
2023-09-13,0.895,0.898,0.888,0.894,73936900.0,65979300.0
2023-09-14,0.893,0.905,0.893,0.902,87519800.0,78877900.0
2023-09-15,0.902,0.904,0.888,0.893,96770700.0,86626299.99999999
2023-09-18,0.892,0.892,0.882,0.889,58503300.0,51822299.99999999
2023-09-19,0.889,0.891,0.884,0.89,51687400.0,45914300.0
2023-09-20,0.887,0.889,0.88,0.88,74789500.0,66069100.0
2023-09-21,0.88,0.886,0.875,0.877,94251200.0,82807800.0
2023-09-22,0.876,0.88,0.872,0.88,60710000.0,53190100.0
2023-09-25,0.878,0.88,0.874,0.875,47291700.0,41478300.0
2023-09-26,0.877,0.878,0.87,0.875,49543200.0,43280000.0
2023-09-27,0.872,0.879,0.872,0.872,156721400.0,137031300.0
2023-09-28,0.874,0.876,0.87,0.871,44640900.0,38940200.0
2023-10-09,0.872,0.88,0.869,0.879,179630700.0,157536800.0
2023-10-10,0.879,0.879,0.871,0.871,42494700.0,37115100.0
2023-10-11,0.873,0.876,0.865,0.867,63425400.0,55145400.0
2023-10-12,0.869,0.875,0.869,0.874,37959900.0,33127399.999999996
2023-10-13,0.875,0.879,0.868,0.87,27205400.0,23702100.0
2023-10-16,0.87,0.875,0.866,0.871,36979300.0,32128400.0
2023-10-17,0.873,0.881,0.871,0.878,42965600.0,37636400.0
2023-10-18,0.875,0.877,0.863,0.865,51122000.0,44350000.0
2023-10-19,0.862,0.862,0.85,0.852,53971200.0,46120000.0
2023-10-20,0.85,0.859,0.846,0.854,102607700.0,87583500.0
2023-10-23,0.853,0.853,0.829,0.831,121715600.0,101881100.0
2023-10-24,0.835,0.844,0.828,0.842,48113900.0,40309200.0
2023-10-25,0.847,0.849,0.837,0.84,39271600.0,33055700.0
2023-10-26,0.837,0.859,0.835,0.856,81330600.0,69238200.0
2023-10-27,0.853,0.867,0.853,0.863,50368600.0,43483300.0
2023-10-30,0.863,0.87,0.86,0.866,88973400.0,76873200.0
2023-10-31,0.863,0.867,0.86,0.865,138483400.0,119496900.0
2023-11-01,0.866,0.869,0.862,0.869,50885600.0,44033400.0
2023-11-02,0.868,0.87,0.86,0.864,117494500.0,101811700.0
2023-11-03,0.864,0.875,0.863,0.865,65076000.0,56547500.0
2023-11-06,0.867,0.87,0.858,0.861,177402100.0,152553200.0
2023-11-07,0.86,0.861,0.855,0.858,55625000.0,47673400.0
2023-11-08,0.86,0.86,0.852,0.856,48434800.0,41464200.0
2023-11-09,0.855,0.864,0.853,0.861,58415300.0,50268200.0
2023-11-10,0.86,0.866,0.849,0.865,75642200.0,65049900.0
2023-11-13,0.866,0.873,0.856,0.865,52714200.0,45489700.0
2023-11-14,0.864,0.871,0.862,0.865,54478400.0,47184600.0
2023-11-15,0.868,0.87,0.862,0.868,171672500.0,149020200.0
2023-11-16,0.867,0.869,0.863,0.865,37762000.0,32712900.0
2023-11-17,0.863,0.867,0.862,0.866,30995800.0,26812100.0
2023-11-20,0.866,0.872,0.864,0.867,177080500.0,153418100.0
2023-11-21,0.865,0.869,0.863,0.863,34163000.0,29575600.0
2023-11-22,0.863,0.866,0.858,0.858,36242200.0,31231000.0
2023-11-23,0.857,0.862,0.857,0.861,31447500.0,27023700.0
2023-11-24,0.861,0.863,0.856,0.857,73527400.0,63115800.0
2023-11-27,0.858,0.86,0.851,0.857,43617300.0,37296400.0
2023-11-28,0.858,0.861,0.852,0.861,159854700.0,137324900.0
2023-11-29,0.859,0.862,0.853,0.855,30101200.0,25787199.999999996
2023-11-30,0.855,0.865,0.854,0.865,49039500.0,42230900.0
2023-12-01,0.865,0.868,0.859,0.868,51268600.0,44348400.0
2023-12-04,0.869,0.87,0.863,0.864,49967500.0,43264700.0
2023-12-05,0.865,0.872,0.857,0.857,59078900.0,51202800.0
2023-12-06,0.856,0.858,0.848,0.854,52281600.0,44654000.0
2023-12-07,0.854,0.861,0.853,0.859,55794100.0,47797500.0
2023-12-08,0.859,0.869,0.855,0.866,101386800.0,87803900.0
2023-12-11,0.86,0.875,0.852,0.875,63654000.0,54822600.0
2023-12-12,0.872,0.877,0.868,0.877,43397700.0,37921800.0
2023-12-13,0.876,0.881,0.874,0.877,55003300.0,48307200.0
2023-12-14,0.878,0.88,0.871,0.877,61059700.0,53471800.0
2023-12-15,0.877,0.88,0.865,0.865,62794900.0,54674399.99999999
2023-12-18,0.866,0.87,0.86,0.865,78205900.0,67710900.0
2023-12-19,0.863,0.864,0.854,0.859,62404100.0,53534200.0
2023-12-20,0.859,0.872,0.859,0.861,47314500.0,41007900.0
2023-12-21,0.858,0.863,0.852,0.862,58868900.0,50421500.0
2023-12-22,0.859,0.866,0.857,0.86,47125600.0,40623400.0
2023-12-25,0.861,0.867,0.856,0.866,69259500.0,59640000.0
2023-12-26,0.861,0.87,0.861,0.862,43475500.0,37648300.0
2023-12-27,0.866,0.872,0.86,0.872,176819100.0,153522900.0
2023-12-28,0.87,0.874,0.863,0.869,109812400.0,95311299.99999999
2023-12-29,0.867,0.869,0.865,0.868,65437800.0,56758300.0
2024-01-02,0.869,0.888,0.867,0.885,142531000.0,125856200.00000001
2024-01-03,0.882,0.898,0.882,0.898,162385200.0,144845000.0
2024-01-04,0.898,0.901,0.888,0.9,114061700.0,102034599.99999999
2024-01-05,0.899,0.905,0.89,0.894,105739600.0,94960500.0
2024-01-08,0.894,0.895,0.883,0.885,68009300.0,60322900.0
2024-01-09,0.887,0.891,0.879,0.891,167351200.0,148225400.0
2024-01-10,0.889,0.889,0.879,0.885,61236200.0,54157000.0
2024-01-11,0.883,0.885,0.878,0.88,51292000.0,45180100.0
2024-01-12,0.879,0.893,0.877,0.893,106455400.0,94655700.0
2024-01-15,0.891,0.896,0.887,0.892,51187000.0,45613100.00000001
2024-01-16,0.89,0.89,0.878,0.885,72897700.0,64459600.0
2024-01-17,0.886,0.889,0.874,0.876,50654500.0,44750500.0
2024-01-18,0.875,0.876,0.843,0.866,106113900.0,90972200.0
2024-01-19,0.862,0.869,0.857,0.86,61990600.0,53441899.99999999
2024-01-22,0.86,0.86,0.83,0.836,87643600.0,74236400.0
2024-01-23,0.836,0.847,0.822,0.842,101226800.0,84610500.0
2024-01-24,0.845,0.865,0.843,0.865,62981600.0,53679100.0
2024-01-25,0.863,0.891,0.86,0.887,69092400.0,60806400.0
2024-01-26,0.887,0.897,0.885,0.897,58501900.0,52158200.0
2024-01-29,0.897,0.912,0.895,0.899,87849900.0,79536000.0
2024-01-30,0.896,0.905,0.891,0.895,46824900.0,42104500.0
2024-01-31,0.89,0.903,0.887,0.892,192294500.0,172320200.0
2024-02-01,0.887,0.892,0.875,0.88,76388400.0,67555700.0
2024-02-02,0.878,0.892,0.859,0.872,88323200.0,77697000.0
2024-02-05,0.87,0.88,0.852,0.865,186898900.0,162059100.0
2024-02-06,0.866,0.892,0.862,0.889,62194900.0,54538500.0
2024-02-07,0.892,0.896,0.877,0.896,122053000.0,108315600.0
2024-02-08,0.895,0.905,0.891,0.904,73051200.0,65710800.0
2024-02-19,0.901,0.925,0.9,0.924,91007000.0,83232900.00000001
2024-02-20,0.923,0.936,0.916,0.927,74873400.0,69515800.0
2024-02-21,0.927,0.931,0.921,0.921,76892400.0,71283500.0
2024-02-22,0.921,0.933,0.918,0.933,55514500.0,51458200.0
2024-02-23,0.931,0.939,0.928,0.935,50036400.0,46708500.0
2024-02-26,0.93,0.934,0.911,0.912,156144300.0,143415300.0
2024-02-27,0.91,0.919,0.908,0.918,67837000.0,62034700.0
2024-02-28,0.915,0.933,0.915,0.922,172419300.0,159212300.0
2024-02-29,0.919,0.931,0.914,0.931,85802000.0,79056100.0
2024-03-01,0.927,0.934,0.92,0.924,68560800.0,63411200.0
2024-03-04,0.921,0.945,0.919,0.944,167731100.0,157096400.0
2024-03-05,0.942,0.953,0.938,0.951,155869600.0,147715600.0
2024-03-06,0.95,0.963,0.947,0.955,105581200.0,101086400.0
2024-03-07,0.955,0.967,0.952,0.96,120017000.0,115298900.0
2024-03-08,0.965,0.975,0.957,0.975,115388700.0,111694100.0
2024-03-11,0.981,0.987,0.964,0.974,108127000.0,105196000.0
2024-03-12,0.972,0.972,0.937,0.944,187593900.0,177898200.0
2024-03-13,0.937,0.95,0.937,0.948,146763000.0,138585700.0
2024-03-14,0.946,0.951,0.943,0.949,69315000.0,65646400.0
2024-03-15,0.946,0.96,0.943,0.956,92776800.0,88540100.0
2024-03-18,0.957,0.97,0.953,0.961,84397900.0,81039400.0
2024-03-19,0.962,0.965,0.95,0.951,92649700.0,88495300.0
2024-03-20,0.95,0.961,0.943,0.956,74017400.0,70526800.0
2024-03-21,0.955,0.956,0.949,0.954,61266400.0,58286400.0
2024-03-22,0.953,0.956,0.943,0.949,74439700.0,70557900.0
2024-03-25,0.944,0.959,0.943,0.951,77158300.0,73589900.0
2024-03-26,0.948,0.96,0.945,0.96,93882300.0,89465400.00000001
2024-03-27,0.96,0.964,0.953,0.954,104044700.0,99660700.0
2024-03-28,0.948,0.961,0.941,0.96,158879600.0,151473600.0
2024-03-29,0.956,0.974,0.954,0.971,154248800.0,149282000.0
2024-04-01,0.972,0.977,0.964,0.968,118576700.0,114828400.0
2024-04-02,0.965,0.977,0.963,0.972,90190800.0,87629400.0
2024-04-03,0.972,0.972,0.96,0.971,118164000.0,114173200.0
2024-04-08,0.972,1.0,0.968,0.998,187502300.0,185738900.0
2024-04-09,0.997,0.999,0.986,0.995,146750500.0,145596200.0
2024-04-10,0.992,1.005,0.989,0.999,174340800.0,174240900.0
2024-04-11,0.998,1.013,0.988,1.008,170566200.0,171458700.0
2024-04-12,1.008,1.009,0.996,1.0,129500700.0,129872600.0
2024-04-15,1.0,1.016,0.992,1.014,117190300.0,118027099.99999999
2024-04-16,1.008,1.016,0.994,0.998,134463400.0,135137100.0
2024-04-17,0.995,1.016,0.99,1.016,112811400.0,113053900.0
2024-04-18,1.014,1.021,0.993,0.999,194153200.0,194933300.00000003
2024-04-19,0.991,1.002,0.985,0.991,194610400.0,193228000.0
2024-04-22,0.992,1.003,0.98,0.986,139707000.0,138298400.0
2024-04-23,0.985,0.985,0.965,0.967,185923300.0,180695600.0
2024-04-24,0.972,0.988,0.972,0.984,136852600.0,134248600.0
2024-04-25,0.983,0.983,0.975,0.981,63616900.0,62271800.0
2024-04-26,0.98,0.984,0.974,0.981,101885600.0,99646200.00000001
2024-04-29,0.978,0.982,0.965,0.981,145158400.0,141357600.0
2024-04-30,0.978,0.989,0.974,0.987,154523300.0,152130000.0
2024-05-06,0.99,1.0,0.979,1.0,238463500.0,236732900.0
2024-05-07,0.999,0.999,0.982,0.985,214249200.0,211539500.0
2024-05-08,0.985,0.993,0.981,0.983,86853900.0,85572900.00000001
2024-05-09,0.981,0.987,0.978,0.987,120304600.0,118239100.0
2024-05-10,0.987,1.002,0.986,1.001,240689300.0,239482100.0
2024-05-13,1.004,1.02,0.995,1.016,311592300.0,314491600.0
2024-05-14,1.012,1.017,1.001,1.015,188097100.0,190353600.0
2024-05-15,1.014,1.02,0.993,0.996,206560800.0,207090300.0
2024-05-16,0.996,0.998,0.983,0.986,151568400.0,149909400.0
2024-05-17,0.985,0.992,0.983,0.988,114305300.0,112842300.0
2024-05-20,0.987,1.003,0.985,1.002,205393200.0,204889400.0
2024-05-21,1.0,1.003,0.994,0.998,79640800.0,79438700.0
2024-05-22,0.998,1.009,0.996,0.998,116304600.0,116400200.0
2024-05-23,0.997,0.997,0.984,0.989,123882700.0,122688100.0
2024-05-24,0.986,1.017,0.986,1.007,376870100.0,380259800.00000006
2024-05-27,1.01,1.029,1.006,1.025,313237700.0,319690100.0
2024-05-28,1.023,1.045,1.02,1.038,235140100.0,242953600.0
2024-05-29,1.036,1.041,1.021,1.038,221357100.0,228505400.0
2024-05-30,1.035,1.042,1.017,1.023,187858900.0,193172100.0
2024-05-31,1.022,1.031,1.015,1.022,98448900.0,100672200.0
2024-06-03,1.02,1.031,1.016,1.027,123444200.0,126349200.0
2024-06-04,1.025,1.042,1.02,1.041,157884100.0,163028300.0
2024-06-05,1.037,1.047,1.033,1.034,139297100.0,144803400.0
2024-06-06,1.035,1.054,1.033,1.04,160506900.0,167392599.99999997
2024-06-07,1.04,1.059,1.037,1.058,128839600.0,134875400.0
2024-06-11,1.059,1.061,1.036,1.049,153350800.0,160541300.0
2024-06-12,1.044,1.057,1.038,1.055,138173100.0,145089700.0
2024-06-13,1.055,1.067,1.05,1.058,131459100.0,139163600.0
2024-06-14,1.056,1.062,1.034,1.039,192897100.0,201863400.0
2024-06-17,1.038,1.045,1.025,1.028,146002200.0,150875000.0
2024-06-18,1.027,1.03,1.015,1.03,216689600.0,221660200.0
2024-06-19,1.028,1.032,1.022,1.026,108467600.0,111324800.0
2024-06-20,1.023,1.029,1.018,1.024,115747900.0,118544900.0
2024-06-21,1.024,1.034,1.018,1.026,163211600.0,167552000.0
2024-06-24,1.021,1.035,1.021,1.028,118457100.0,121878000.0
2024-06-25,1.026,1.03,1.014,1.021,101193700.0,103373500.0
2024-06-26,1.021,1.027,1.007,1.025,101015500.0,102586700.0
2024-06-27,1.02,1.031,1.016,1.019,82011600.0,83767500.0
2024-06-28,1.019,1.047,1.011,1.044,166126400.0,171288200.0
2024-07-01,1.045,1.067,1.04,1.065,134560400.0,142281000.0
2024-07-02,1.065,1.069,1.055,1.069,109954000.0,116930400.00000001
2024-07-03,1.066,1.073,1.057,1.063,205910400.0,218626800.0
2024-07-04,1.062,1.071,1.055,1.059,105278200.0,111841100.0
2024-07-05,1.056,1.06,1.039,1.053,105192600.0,110266900.0
2024-07-08,1.051,1.074,1.049,1.069,117966000.0,125380800.0
2024-07-09,1.066,1.081,1.06,1.081,115316400.0,123353300.0
2024-07-10,1.079,1.079,1.049,1.056,226593800.0,239371400.0
2024-07-11,1.059,1.062,1.043,1.062,167011600.0,175613400.0
2024-07-12,1.056,1.067,1.047,1.049,135162300.0,142551700.0
2024-07-15,1.045,1.055,1.034,1.055,98297500.0,102922099.99999999
2024-07-16,1.053,1.061,1.048,1.059,64117100.0,67653100.0
2024-07-17,1.058,1.059,1.036,1.04,105490500.0,110236700.0
2024-07-18,1.037,1.057,1.03,1.057,99431700.0,103971299.99999999
2024-07-19,1.056,1.061,1.049,1.061,89517300.0,94556299.99999999
2024-07-22,1.062,1.062,1.037,1.047,80940400.0,84649100.0
2024-07-23,1.045,1.051,1.041,1.043,79399800.0,83046200.00000001
2024-07-24,1.039,1.067,1.039,1.062,140640700.0,148845700.0
2024-07-25,1.061,1.063,1.045,1.058,82180600.0,86603600.0
2024-07-26,1.057,1.058,1.044,1.051,97161000.0,101832900.00000001
2024-07-29,1.049,1.057,1.045,1.055,73553100.0,77444800.0
2024-07-30,1.053,1.057,1.036,1.039,68783200.0,71757600.0
2024-07-31,1.036,1.037,1.018,1.029,125572600.0,128716400.0
2024-08-01,1.027,1.04,1.025,1.03,81077100.0,83846500.0
2024-08-02,1.032,1.034,1.02,1.023,84135900.0,86207000.0
2024-08-05,1.02,1.02,1.004,1.005,120369200.0,121872300.0
2024-08-06,1.004,1.015,0.995,1.007,104810200.0,105358900.0
2024-08-07,1.01,1.028,1.007,1.018,116662700.0,118888500.0
2024-08-08,1.015,1.019,1.008,1.013,72588100.0,73593300.0
2024-08-09,1.013,1.015,1.006,1.007,69181300.0,69784400.0
2024-08-12,1.012,1.017,1.001,1.005,53737600.0,54238000.0
2024-08-13,1.002,1.009,1.0,1.006,58073000.0,58265600.00000001
2024-08-14,1.005,1.025,1.001,1.016,84381700.0,85695100.0
2024-08-15,1.016,1.03,1.011,1.029,158036200.0,161588300.0
2024-08-16,1.028,1.028,1.012,1.018,77378600.0,78779300.0
2024-08-19,1.018,1.026,1.015,1.021,52714300.0,53801700.0
2024-08-20,1.023,1.025,1.003,1.01,66615200.0,67280100.0
2024-08-21,1.009,1.009,0.998,1.003,54864200.0,54988700.0
2024-08-22,1.002,1.015,1.0,1.014,67927300.0,68521600.0
2024-08-23,1.012,1.012,0.996,1.003,79410100.0,79498700.0
2024-08-26,0.999,1.002,0.991,0.999,62006400.0,61754900.0
2024-08-27,0.995,0.998,0.989,0.994,70525900.0,69995300.0
2024-08-28,0.993,1.007,0.991,1.001,71781400.0,71922200.0
2024-08-29,1.0,1.0,0.985,0.988,64543300.0,63862200.0
2024-08-30,0.987,0.992,0.975,0.988,103421200.0,101931400.0
2024-09-02,0.985,0.993,0.978,0.984,126096700.0,124609300.0
2024-09-03,0.982,0.992,0.964,0.967,86534100.0,84290600.0
2024-09-04,0.963,0.968,0.956,0.961,106685600.0,102572200.0
2024-09-05,0.96,0.965,0.953,0.957,89801500.0,86006000.0
2024-09-06,0.956,0.966,0.948,0.951,61936300.0,59460100.0
2024-09-09,0.948,0.95,0.936,0.941,68749100.0,64833000.0
2024-09-10,0.942,0.946,0.925,0.938,88708700.0,82837300.0
2024-09-11,0.934,0.935,0.905,0.91,96255800.0,87980700.0
2024-09-12,0.909,0.919,0.908,0.913,68394700.0,62529799.99999999
2024-09-13,0.915,0.922,0.911,0.915,48817600.0,44763000.0
2024-09-18,0.914,0.92,0.906,0.916,55618500.0,50789100.0
2024-09-19,0.917,0.923,0.906,0.923,96592100.0,88440200.0
2024-09-20,0.918,0.923,0.911,0.921,66687400.0,61164100.0
2024-09-23,0.919,0.939,0.918,0.935,77940300.0,72687100.0
2024-09-24,0.938,0.967,0.932,0.967,111158900.0,105732800.0
2024-09-25,0.968,0.991,0.966,0.969,151775300.0,148493700.0
2024-09-26,0.972,0.979,0.957,0.979,148842900.0,143838000.0
2024-09-27,0.981,1.015,0.972,1.014,206444600.0,204115400.0
2024-09-30,1.022,1.074,1.007,1.069,350424400.0,364193000.0
2024-10-08,1.173,1.174,1.03,1.064,298546400.0,324363000.0
2024-10-09,1.035,1.05,1.0,1.001,206973400.0,211966800.0
2024-10-10,0.997,1.05,0.997,1.03,223236200.0,230871900.0
2024-10-11,1.031,1.033,1.001,1.007,135957600.0,138572700.0
2024-10-14,1.007,1.023,1.002,1.016,110470800.0,111811400.0
2024-10-15,1.013,1.018,0.993,0.995,101901900.0,102377099.99999999
2024-10-16,0.99,1.003,0.986,1.0,115855200.0,115521800.0
2024-10-17,1.0,1.008,0.984,0.986,108506600.0,107919000.0
2024-10-18,0.98,1.011,0.977,1.0,150140700.0,148966100.0
2024-10-21,1.0,1.001,0.985,0.992,142646900.0,141184500.0
2024-10-22,0.993,1.011,0.989,1.011,208868700.0,209603700.0
2024-10-23,1.012,1.02,1.008,1.017,182805300.0,185376000.0
2024-10-24,1.011,1.012,1.002,1.009,124808700.0,125532900.00000001
2024-10-25,1.004,1.009,0.996,1.004,140932100.0,141133900.0
2024-10-28,1.005,1.017,0.994,1.017,183163900.0,184355600.0
2024-10-29,1.018,1.02,1.0,1.001,137519200.0,138582400.0
2024-10-30,0.998,1.004,0.986,0.994,113016300.0,112244200.0
2024-10-31,1.0,1.009,0.997,1.007,210132700.0,211118400.0
2024-11-01,1.005,1.01,0.994,1.006,95076300.0,95313799.99999999
2024-11-04,1.005,1.007,0.998,1.006,65549000.0,65723400.0
2024-11-05,1.006,1.018,1.002,1.018,133587500.0,135084500.0
2024-11-06,1.015,1.017,1.004,1.009,135974400.0,137233200.0
2024-11-07,1.004,1.022,1.001,1.022,149659900.0,151894500.0
2024-11-08,1.03,1.034,1.012,1.017,220831500.0,225968800.0
2024-11-11,1.012,1.017,1.005,1.016,139520000.0,141056200.0
2024-11-12,1.016,1.017,1.001,1.005,147669000.0,149015200.0
2024-11-13,1.002,1.01,0.999,1.01,108526900.0,109191800.0
2024-11-14,1.009,1.015,0.994,0.996,129489500.0,129928200.0
2024-11-15,0.993,0.998,0.984,0.985,106658500.0,105827800.0
2024-11-18,0.986,1.007,0.986,0.995,147484200.0,147328300.0
2024-11-19,0.995,0.998,0.983,0.994,89254600.0,88303600.0
2024-11-20,0.992,0.999,0.987,0.998,84384800.0,83850000.0
2024-11-21,0.996,1.003,0.995,1.003,99393600.0,99376000.0
2024-11-22,1.002,1.007,0.975,0.978,105327600.0,104170800.0
2024-11-25,0.98,0.98,0.959,0.966,101196800.0,97953500.0
2024-11-26,0.966,0.968,0.958,0.96,67336600.0,64725200.00000001
2024-11-27,0.96,0.968,0.948,0.968,80817800.0,77493800.0
2024-11-28,0.969,0.969,0.96,0.965,57525300.0,55529799.99999999
2024-11-29,0.963,0.973,0.962,0.968,85782900.0,83005700.0
2024-12-02,0.969,0.981,0.967,0.979,77517900.0,75613200.0
2024-12-03,0.978,0.996,0.975,0.996,112665100.0,111370300.0
2024-12-04,0.991,0.998,0.989,0.994,86846800.0,86243200.0
2024-12-05,0.993,0.997,0.988,0.99,57330300.0,56920900.0
2024-12-06,0.994,1.002,0.991,1.001,91042900.0,90849700.0
2024-12-09,1.004,1.008,0.997,1.006,74898900.0,75202600.0
2024-12-10,1.013,1.019,0.997,0.999,161180500.0,162198000.0
2024-12-11,0.999,1.003,0.997,1.001,70315300.0,70359300.0
2024-12-12,1.0,1.006,0.997,1.005,66774100.0,66969100.0
2024-12-13,1.001,1.004,0.992,0.993,114167600.0,113766299.99999999
2024-12-16,0.992,1.012,0.992,1.011,155305200.0,156326000.0
2024-12-17,1.008,1.018,1.001,1.005,118050700.0,119218400.0
2024-12-18,1.005,1.022,1.005,1.014,104904100.0,106570300.0
2024-12-19,1.01,1.01,0.997,0.999,102956400.0,103082000.0
2024-12-20,0.999,1.002,0.989,0.99,87286900.0,86651400.0
2024-12-23,0.992,1.007,0.987,1.0,147376200.0,147460200.0
2024-12-24,0.997,1.012,0.997,1.01,120940800.0,121653300.0
2024-12-25,1.014,1.014,1.004,1.011,122360000.0,123398200.0
2024-12-26,1.01,1.01,0.992,0.996,108905400.0,108602400.0
2024-12-27,0.996,1.008,0.992,1.006,110751900.0,110800300.0
2024-12-30,1.004,1.01,0.995,0.998,112629400.0,112579400.0
2024-12-31,0.997,1.003,0.99,0.991,131725400.0,131199200.0
2025-01-02,0.989,0.992,0.957,0.963,129660800.0,126436800.0
2025-01-03,0.962,0.969,0.952,0.953,93734200.0,90069100.0
2025-01-06,0.954,0.957,0.946,0.953,93064400.0,88571600.0
2025-01-07,0.948,0.951,0.939,0.946,92951800.0,87703100.0
2025-01-08,0.946,0.954,0.939,0.951,94651700.0,89728100.0
2025-01-09,0.949,0.949,0.936,0.937,81175900.0,76299400.0
2025-01-10,0.936,0.937,0.922,0.923,81090300.0,75205800.0
2025-01-13,0.919,0.92,0.907,0.916,69764900.0,63734100.0
2025-01-14,0.917,0.933,0.916,0.932,73950400.0,68456700.0
2025-01-15,0.931,0.938,0.927,0.931,102541200.0,95636400.0
2025-01-16,0.93,0.938,0.927,0.931,193369700.0,180324500.0
2025-01-17,0.93,0.932,0.923,0.931,51475900.0,47830500.0
2025-01-20,0.933,0.935,0.926,0.929,130511100.0,121413700.00000001
2025-01-21,0.928,0.928,0.92,0.926,134733500.0,124581700.0
2025-01-22,0.924,0.926,0.916,0.921,78389000.0,72177200.0
2025-01-23,0.924,0.936,0.923,0.924,102270400.0,94924000.0
2025-01-24,0.922,0.924,0.916,0.923,117114100.0,107889500.0
2025-01-27,0.925,0.939,0.923,0.938,132183500.0,123521000.0
2025-02-05,0.937,0.938,0.924,0.928,285119400.0,264483300.00000003
2025-02-06,0.93,0.936,0.924,0.936,90872400.0,84438500.0
2025-02-07,0.934,0.942,0.928,0.94,234109600.0,219296900.0
2025-02-10,0.937,0.941,0.933,0.936,243205300.0,227552100.0
2025-02-11,0.936,0.936,0.927,0.931,145044700.0,134973300.0
2025-02-12,0.93,0.933,0.928,0.933,143000500.0,133126299.99999999
2025-02-13,0.933,0.938,0.93,0.936,144862600.0,135502900.0
2025-02-14,0.935,0.937,0.931,0.934,170103200.0,158910100.0
2025-02-17,0.932,0.947,0.927,0.947,326599900.0,306784600.0
2025-02-18,0.947,0.955,0.941,0.948,320039800.0,303986000.0
2025-02-19,0.947,0.948,0.94,0.943,189638500.0,178747300.0
2025-02-20,0.942,0.945,0.936,0.943,183242600.0,172269300.0
2025-02-21,0.941,0.943,0.936,0.939,205430000.0,192824500.0
2025-02-24,0.939,0.947,0.936,0.94,181760600.0,171089500.0
2025-02-25,0.937,0.939,0.929,0.929,163768900.0,152898100.0
2025-02-26,0.929,0.94,0.929,0.94,206688800.0,193417900.0
2025-02-27,0.939,0.939,0.931,0.935,151187700.0,141185800.0
2025-02-28,0.934,0.937,0.925,0.926,186249400.0,173497599.99999997
2025-03-03,0.929,0.93,0.922,0.925,165335100.0,153058400.0
2025-03-04,0.923,0.924,0.919,0.924,108823400.0,100255700.0
2025-03-05,0.925,0.927,0.919,0.927,138062300.0,127510300.0
2025-03-06,0.926,0.927,0.92,0.924,179651200.0,165893400.0
2025-03-07,0.923,0.925,0.919,0.921,176752300.0,162899100.0
2025-03-10,0.921,0.922,0.917,0.921,132628700.0,121844300.0
2025-03-11,0.917,0.921,0.914,0.92,117029600.0,107382400.0
2025-03-12,0.921,0.93,0.917,0.928,297394400.0,274426700.0
2025-03-13,0.926,0.937,0.926,0.937,306821000.0,286229800.0
2025-03-14,0.936,0.94,0.934,0.94,283791800.0,266083300.00000003
2025-03-17,0.941,0.945,0.937,0.938,227130200.0,213770400.0
2025-03-18,0.939,0.94,0.933,0.935,187341900.0,175101100.0
2025-03-19,0.935,0.95,0.932,0.948,375070200.0,353807600.0
2025-03-20,0.947,0.953,0.945,0.947,217449100.0,206227700.0
2025-03-21,0.947,0.955,0.941,0.945,232452100.0,220503800.0
2025-03-24,0.943,0.953,0.941,0.948,236456200.0,223957100.0
2025-03-25,0.946,0.964,0.942,0.963,307374000.0,294656700.0
2025-03-26,0.963,0.964,0.952,0.958,235945000.0,225936200.0
2025-03-27,0.958,0.96,0.944,0.947,303614800.0,287917100.0
2025-03-28,0.947,0.95,0.938,0.942,264735400.0,249635600.0
2025-03-31,0.94,0.955,0.94,0.946,265650100.0,251882000.0
2025-04-01,0.946,0.963,0.943,0.963,292405800.0,279479400.0
2025-04-02,0.96,0.96,0.952,0.953,247278700.0,236012700.0
2025-04-03,0.948,0.969,0.947,0.968,350582400.0,337244500.0
2025-04-07,0.948,0.956,0.89,0.922,529473800.0,490554800.00000006
2025-04-08,0.918,0.942,0.915,0.939,271523600.0,252874000.0
2025-04-09,0.933,0.946,0.917,0.943,285749400.0,266687599.99999997
2025-04-10,0.941,0.952,0.937,0.947,235192600.0,222341200.0
2025-04-11,0.944,0.945,0.935,0.941,193962600.0,182195099.99999997
2025-04-14,0.94,0.952,0.937,0.952,218902600.0,207289800.0
2025-04-15,0.952,0.956,0.945,0.956,166382600.0,158207400.0
2025-04-16,0.954,0.96,0.951,0.958,246290200.0,235146200.0
2025-04-17,0.955,0.961,0.952,0.958,138839000.0,132837099.99999999
2025-04-18,0.958,0.958,0.949,0.953,169587100.0,161554400.0
2025-04-21,0.952,0.959,0.952,0.956,128796700.0,123185300.0
2025-04-22,0.957,0.966,0.954,0.955,212201000.0,203274300.0
2025-04-23,0.955,0.956,0.949,0.952,143394100.0,136479200.0
2025-04-24,0.952,0.964,0.949,0.96,209472500.0,200981400.0
2025-04-25,0.962,0.974,0.959,0.973,233496600.0,225912700.0
2025-04-28,0.979,0.985,0.97,0.981,211779400.0,207394100.0
2025-04-29,0.977,0.977,0.959,0.961,313898100.0,302501300.0
2025-04-30,0.958,0.962,0.954,0.957,196992800.0,188365099.99999997
2025-05-06,0.957,0.964,0.952,0.963,240551200.0,230328300.00000003
2025-05-07,0.966,0.969,0.959,0.965,256590700.0,247380700.0
2025-05-08,0.964,0.968,0.961,0.968,142404700.0,137549100.0
2025-05-09,0.967,0.976,0.965,0.973,215901400.0,209893300.00000003
2025-05-12,0.973,0.974,0.967,0.97,159085200.0,154232400.0
2025-05-13,0.969,0.973,0.965,0.973,212183800.0,205539500.0
2025-05-14,0.972,0.974,0.965,0.973,208135100.0,201813400.0
2025-05-15,0.971,0.982,0.97,0.976,190954800.0,186477900.0
2025-05-16,0.974,0.979,0.97,0.974,145013700.0,141190600.0
2025-05-19,0.972,0.979,0.971,0.979,119447100.0,116620100.0
2025-05-20,0.978,0.988,0.978,0.988,193337000.0,190396800.0
2025-05-21,0.987,0.997,0.987,0.989,221164000.0,219537100.0
2025-05-22,0.988,0.99,0.98,0.983,179311600.0,176332900.0
2025-05-23,0.98,0.986,0.974,0.974,195573000.0,191480099.99999997
2025-05-26,0.973,0.982,0.973,0.982,165332900.0,161682500.0
2025-05-27,0.981,0.985,0.977,0.98,143379200.0,140456100.0
2025-05-28,0.979,0.98,0.973,0.977,95530200.0,93268600.0
2025-05-29,0.976,0.98,0.973,0.98,108420700.0,105951600.0
2025-05-30,0.98,0.983,0.972,0.975,159420300.0,155400500.0
2025-06-03,0.973,0.973,0.963,0.97,174697900.0,168805600.0
2025-06-04,0.97,0.971,0.967,0.968,183585300.0,177775099.99999997
2025-06-05,0.968,0.972,0.964,0.967,142608100.0,137944500.0
2025-06-06,0.966,0.971,0.964,0.969,171810800.0,166495200.0
2025-06-09,0.969,0.972,0.967,0.971,163855100.0,158833800.0
2025-06-10,0.97,0.976,0.966,0.97,192669400.0,187114600.0
2025-06-11,0.97,0.974,0.966,0.97,183133300.0,177607300.0
2025-06-12,0.969,0.969,0.965,0.967,108950500.0,105268400.0
2025-06-13,0.966,0.975,0.965,0.973,213288900.0,207195500.0
2025-06-16,0.971,0.973,0.967,0.972,97902900.0,94959000.0
2025-06-17,0.972,0.98,0.967,0.98,170923000.0,166433800.0
2025-06-18,0.978,0.984,0.978,0.981,137414000.0,134758200.0
2025-06-19,0.981,0.981,0.965,0.97,160901700.0,156151000.0
2025-06-20,0.969,0.971,0.964,0.965,98552900.0,95334900.0
2025-06-23,0.963,0.965,0.958,0.962,200877700.0,192922200.0
2025-06-24,0.963,0.967,0.961,0.965,116163500.0,112050700.0
2025-06-25,0.965,0.976,0.962,0.975,214618000.0,208087900.0
2025-06-26,0.974,0.978,0.973,0.976,214805200.0,209616400.0
2025-06-27,0.976,0.977,0.965,0.968,158428200.0,153576300.0
2025-06-30,0.967,0.971,0.966,0.971,84444300.0,81819900.0
2025-07-01,0.971,0.981,0.969,0.979,173414200.0,169409500.0
2025-07-02,0.979,0.984,0.978,0.982,125385800.0,123010800.0
2025-07-03,0.983,0.983,0.976,0.982,152343900.0,149279900.0
2025-07-04,0.982,0.993,0.981,0.989,233977400.0,231541200.0
2025-07-07,0.997,1.009,0.991,1.009,318611900.0,319018400.0
2025-07-08,1.01,1.01,0.996,1.004,263829000.0,264051500.0
2025-07-09,1.003,1.01,1.0,1.004,158900300.0,159669400.0
2025-07-10,1.003,1.009,0.999,1.001,251648400.0,252365700.0
2025-07-11,1.0,1.005,0.997,1.002,152034300.0,152259600.0
2025-07-14,1.003,1.015,1.002,1.012,188241300.0,190484400.0
2025-07-15,1.012,1.012,0.992,0.996,293984300.0,293083700.0
2025-07-16,0.997,0.998,0.99,0.993,170742800.0,169531300.0
2025-07-17,0.993,0.994,0.987,0.991,267381000.0,264462800.0
2025-07-18,0.991,0.996,0.987,0.995,259221900.0,257010600.0
2025-07-21,1.0,1.005,0.997,1.005,338835300.0,339479300.0
2025-07-22,1.004,1.017,1.001,1.016,524625500.0,530493500.0
2025-07-23,1.022,1.027,1.006,1.007,241710000.0,245190800.00000003
2025-07-24,1.006,1.013,0.998,1.013,178806400.0,179652200.0
2025-07-25,1.01,1.01,1.0,1.002,160916500.0,161612200.0
2025-07-28,1.002,1.002,0.995,0.998,180154000.0,179736300.0
2025-07-29,0.997,1.0,0.991,0.996,220927700.0,219912100.0
2025-07-30,0.996,1.009,0.995,1.003,294124700.0,295325000.0
2025-07-31,1.003,1.003,0.982,0.984,309245700.0,305369700.0
2025-08-01,0.983,0.986,0.98,0.983,150156300.0,147634900.0
2025-08-04,0.983,0.986,0.979,0.986,138228100.0,135878100.0
2025-08-05,0.986,0.99,0.983,0.99,115102000.0,113655400.00000001
2025-08-06,0.99,0.992,0.987,0.99,122841600.0,121444000.0
2025-08-07,0.991,0.992,0.985,0.991,120705500.0,119290000.0
2025-08-08,0.991,0.999,0.989,0.997,161352300.0,160721600.0
2025-08-11,0.997,0.998,0.988,0.993,216317200.0,214443200.0
2025-08-12,0.993,0.994,0.991,0.992,115623000.0,114711900.0
2025-08-13,0.992,0.993,0.989,0.991,182537000.0,180849700.0
2025-08-14,0.992,0.993,0.984,0.987,222878700.0,220471400.0
2025-08-15,0.986,0.992,0.982,0.991,157256800.0,155388700.0
2025-08-18,0.99,0.997,0.989,0.997,212525300.0,211321200.0
2025-08-19,0.996,1.002,0.995,0.998,209461000.0,209240300.0
2025-08-20,0.997,0.999,0.992,0.999,215099400.0,214110400.0
2025-08-21,1.0,1.01,0.999,1.01,327416300.0,329715600.0
2025-08-22,1.01,1.012,1.001,1.012,273009400.0,274496300.0
2025-08-25,1.012,1.024,1.012,1.024,309596300.0,315238900.0
2025-08-26,1.021,1.023,1.018,1.019,304199400.0,310632400.0
2025-08-27,1.019,1.03,1.007,1.007,235200000.0,239817800.0
2025-08-28,1.007,1.01,0.991,1.007,195010700.0,195307100.0
2025-08-29,1.005,1.016,1.002,1.004,170355300.0,171890700.0
2025-09-01,1.004,1.01,1.0,1.009,159643500.0,160638500.0
2025-09-02,1.009,1.017,1.006,1.017,289399200.0,293467300.0
2025-09-03,1.018,1.02,1.001,1.002,202081200.0,203591699.99999997
2025-09-04,1.003,1.005,0.997,1.005,230086700.0,230263300.00000003
2025-09-05,1.004,1.018,0.999,1.017,199104400.0,201038600.0
2025-09-08,1.018,1.032,1.017,1.032,257039200.0,264302000.0
2025-09-09,1.03,1.037,1.026,1.028,177767000.0,183235700.0
2025-09-10,1.029,1.029,1.015,1.024,137579100.0,140387100.0
2025-09-11,1.022,1.031,1.017,1.031,230445400.0,236129800.0
2025-09-12,1.031,1.034,1.026,1.027,178776200.0,184127300.0
2025-09-15,1.028,1.034,1.022,1.024,142686200.0,146697700.0
2025-09-16,1.022,1.027,1.012,1.019,121907400.0,123982200.0
2025-09-17,1.016,1.022,1.013,1.021,147124200.0,149778800.0
2025-09-18,1.021,1.022,1.003,1.006,242114400.0,245364300.0
2025-09-19,1.009,1.01,1.001,1.005,117550800.0,118096800.0
2025-09-22,1.004,1.004,0.992,0.998,156416000.0,155790900.0
2025-09-23,0.997,1.004,0.991,1.001,144228900.0,143838600.0
2025-09-24,0.998,1.003,0.996,1.002,102289100.0,102241900.0
2025-09-25,1.002,1.004,0.995,0.998,105156800.0,105009400.0
2025-09-26,0.998,1.008,0.997,1.005,142402400.0,143106900.0
2025-09-29,1.007,1.01,0.999,1.008,137160400.0,137805100.0
2025-09-30,1.008,1.009,1.002,1.009,101649300.0,102237600.0
2025-10-09,1.011,1.045,1.011,1.045,300391400.0,309557000.0
2025-10-10,1.045,1.05,1.037,1.049,269544700.0,281464700.0
2025-10-13,1.036,1.047,1.024,1.046,407501600.0,422327400.0
2025-10-14,1.046,1.06,1.044,1.048,428726300.0,450171900.0
2025-10-15,1.046,1.054,1.038,1.054,232714700.0,243747200.0
2025-10-16,1.052,1.054,1.045,1.052,146789600.0,153972700.0
2025-10-17,1.05,1.054,1.037,1.04,168107400.0,175514300.0
2025-10-20,1.042,1.044,1.026,1.04,213394100.0,220560000.0
2025-10-21,1.04,1.049,1.035,1.048,188475700.0,196841300.0
2025-10-22,1.046,1.047,1.04,1.043,101115500.0,105536800.0
2025-10-23,1.041,1.057,1.041,1.056,180415800.0,189549700.0
2025-10-24,1.053,1.055,1.045,1.052,182695100.0,191814500.0
2025-10-27,1.053,1.075,1.052,1.07,215053500.0,229263000.0
2025-10-28,1.07,1.073,1.062,1.065,137886700.0,147178900.0
2025-10-29,1.066,1.084,1.062,1.084,189380400.0,203710700.0
2025-10-30,1.081,1.089,1.076,1.082,328988400.0,356483100.0
2025-10-31,1.083,1.086,1.061,1.064,245920300.0,262364199.99999997
2025-11-03,1.064,1.072,1.06,1.072,145598600.0,155387200.0
2025-11-04,1.072,1.08,1.068,1.072,218254300.0,234463100.0
2025-11-05,1.065,1.083,1.06,1.08,281735800.0,303043200.0
2025-11-06,1.082,1.099,1.075,1.09,289023900.0,315527800.0
2025-11-07,1.09,1.097,1.084,1.088,210462500.0,229580900.0
2025-11-10,1.088,1.094,1.085,1.09,245628900.0,267492900.0
2025-11-11,1.091,1.093,1.083,1.085,178723100.0,194138600.0
2025-11-12,1.085,1.087,1.076,1.083,228202700.0,246752500.0
2025-11-13,1.081,1.083,1.073,1.078,176911100.0,190341400.0
2025-11-14,1.077,1.078,1.067,1.067,193953100.0,207959100.0
2025-11-17,1.067,1.067,1.049,1.06,331916900.0,350311100.0
2025-11-18,1.057,1.06,1.043,1.048,181207500.0,190198800.0
2025-11-19,1.045,1.051,1.043,1.049,119857800.0,125536100.0
2025-11-20,1.05,1.054,1.044,1.046,155385600.0,163073900.0
2025-11-21,1.043,1.043,1.022,1.022,219670700.0,226264199.99999997
2025-11-24,1.024,1.027,1.013,1.018,173695500.0,176771300.0
2025-11-25,1.021,1.026,1.017,1.025,231910400.0,237155000.0
2025-11-26,1.025,1.028,1.022,1.024,139248300.0,142648400.0
2025-11-27,1.024,1.033,1.022,1.027,225540300.0,232021600.0
2025-11-28,1.027,1.029,1.02,1.028,153763200.0,157551900.0
2025-12-01,1.028,1.033,1.025,1.033,104160600.0,107135900.0
2025-12-02,1.032,1.033,1.027,1.03,110794500.0,114103000.0
2025-12-03,1.031,1.038,1.03,1.035,173679000.0,179741100.0
2025-12-04,1.035,1.036,1.027,1.03,103139100.0,106289100.0
2025-12-05,1.03,1.034,1.025,1.033,165206800.0,170118100.0
2025-12-08,1.032,1.04,1.028,1.03,141817500.0,146224000.0
2025-12-09,1.028,1.034,1.023,1.024,307995000.0,316057000.0
2025-12-10,1.023,1.028,1.021,1.027,135948900.0,139350100.0
2025-12-11,1.028,1.032,1.021,1.022,88120500.0,90445700.0
2025-12-12,1.023,1.032,1.02,1.031,158452700.0,162901100.0
2025-12-15,1.031,1.035,1.029,1.033,94445300.0,97521500.0
2025-12-16,1.031,1.031,1.016,1.019,131211800.0,133743300.0
2025-12-17,1.018,1.025,1.013,1.024,96685300.0,98483300.0
2025-12-18,1.022,1.026,1.018,1.024,71177700.0,72794100.0
2025-12-19,1.023,1.029,1.022,1.027,80466800.0,82572700.0
2025-12-22,1.026,1.029,1.023,1.025,122806100.0,125863200.0
2025-12-23,1.024,1.031,1.023,1.027,88813500.0,91214900.0
2025-12-24,1.023,1.03,1.021,1.03,157254700.0,161198100.0
2025-12-25,1.029,1.032,1.026,1.03,160006100.0,164804300.0
2025-12-26,1.03,1.037,1.028,1.036,150537200.0,155521400.0
2025-12-29,1.038,1.038,1.015,1.016,207789800.0,212227700.0
2025-12-30,1.015,1.015,1.004,1.006,170649100.0,171766800.0
2025-12-31,1.006,1.007,0.999,1.001,145568900.0,145774900.0
2026-01-05,1.001,1.009,0.999,1.008,135562900.0,136140600.0
2026-01-06,1.01,1.017,1.008,1.017,532767400.0,539847600.0
2026-01-07,1.018,1.025,1.014,1.021,190241600.0,194137700.0
2026-01-08,1.021,1.029,1.018,1.026,172783500.0,176965800.00000003
2026-01-09,1.026,1.028,1.022,1.025,202465700.0,207601699.99999997
2026-01-12,1.026,1.035,1.025,1.035,217575900.0,224058300.00000003
2026-01-13,1.035,1.043,1.029,1.034,273675200.0,283296100.0
2026-01-14,1.036,1.045,1.027,1.034,343027300.0,355752800.0
2026-01-15,1.031,1.032,1.027,1.03,147626600.0,151852200.0
2026-01-16,1.045,1.047,1.028,1.034,361624300.0,375276400.0
2026-01-19,1.033,1.047,1.027,1.044,390394600.0,406460000.0
2026-01-20,1.045,1.055,1.039,1.054,347991000.0,364739000.0
2026-01-21,1.054,1.054,1.042,1.043,299695900.0,313201000.0
2026-01-22,1.045,1.047,1.038,1.042,250480900.0,261153600.0
2026-01-23,1.041,1.05,1.041,1.047,208797000.0,218580700.0
2026-01-26,1.047,1.052,1.041,1.049,229305200.0,240159400.0
2026-01-27,1.047,1.047,1.027,1.037,232799500.0,240591500.0
2026-01-28,1.037,1.038,1.027,1.034,167904500.0,173437100.0
2026-01-29,1.033,1.033,1.023,1.032,198268900.0,203713400.0
2026-01-30,1.03,1.032,1.015,1.028,170447100.0,174888700.0
2026-02-02,1.024,1.036,1.012,1.013,207909900.0,213078900.0
2026-02-03,1.016,1.024,1.012,1.021,145327000.0,147923700.0
2026-02-04,1.017,1.036,1.016,1.035,186640700.0,192137400.00000003
2026-02-05,1.035,1.035,1.019,1.026,140818800.0,144318300.0
2026-02-06,1.022,1.031,1.018,1.029,103935600.0,106774700.0
2026-02-09,1.031,1.037,1.031,1.034,137808700.0,142445800.0
2026-02-10,1.032,1.036,1.026,1.028,112454500.0,115565500.0
2026-02-11,1.028,1.033,1.027,1.029,114055200.0,117514100.0
2026-02-12,1.036,1.041,1.03,1.037,192350900.0,199403800.0
2026-02-13,1.037,1.037,1.022,1.024,163027700.0,167440300.0
2026-02-24,1.027,1.046,1.027,1.044,237980500.0,247710900.0
2026-02-25,1.045,1.06,1.045,1.051,354485300.0,373501700.0
2026-02-26,1.052,1.066,1.051,1.063,237298900.0,251678100.0
2026-02-27,1.061,1.097,1.058,1.092,376789200.0,408766800.0
2026-03-02,1.093,1.112,1.086,1.108,513444200.0,566602900.0
2026-03-03,1.108,1.114,1.093,1.097,473989300.0,523166700.0
2026-03-04,1.091,1.112,1.075,1.105,452498800.0,498256800.0
2026-03-05,1.109,1.128,1.109,1.123,408942500.0,457977699.99999994
2026-03-06,1.123,1.139,1.117,1.135,362680600.0,410426100.0
2026-03-09,1.136,1.159,1.13,1.15,607647100.0,698969100.0
2026-03-10,1.148,1.16,1.13,1.149,533093400.0,610841300.0
2026-03-11,1.146,1.18,1.132,1.178,543921300.0,630173000.0
2026-03-12,1.178,1.21,1.172,1.205,641205300.0,765106600.0
2026-03-13,1.206,1.209,1.176,1.179,724119700.0,861489500.0
2026-03-16,1.17,1.179,1.141,1.147,955801400.0,1101349500.0
2026-03-17,1.143,1.161,1.134,1.14,546757500.0,628009900.0
2026-03-18,1.138,1.16,1.132,1.143,440361300.0,503671400.0
2026-03-19,1.133,1.155,1.127,1.142,439307800.0,502904400.0
2026-03-20,1.142,1.169,1.134,1.144,445628300.0,513386300.0
2026-03-23,1.131,1.152,1.113,1.12,512015500.0,579168200.0
2026-03-24,1.129,1.164,1.119,1.164,649650600.0,744068200.0000001
2026-03-25,1.164,1.21,1.153,1.2,944500800.0,1121812600.0
2026-03-26,1.192,1.204,1.171,1.189,820511300.0,972832000.0
2026-03-27,1.172,1.188,1.162,1.177,875435500.0,1028855700.0000001
2026-03-30,1.164,1.17,1.124,1.133,698716700.0,795169900.0
2026-03-31,1.126,1.136,1.103,1.103,528676500.0,591143000.0
2026-04-01,1.109,1.115,1.096,1.103,439680100.0,484922100.0
2026-04-02,1.1,1.106,1.084,1.09,424172500.0,463033900.0
2026-04-03,1.089,1.09,1.063,1.063,427307600.0,456994100.00000006
2026-04-07,1.064,1.072,1.059,1.065,251981400.0,268214300.0
2026-04-08,1.071,1.087,1.071,1.087,428892800.0,462976900.0
2026-04-09,1.081,1.081,1.073,1.078,423840800.0,456243399.99999994
2026-04-10,1.079,1.082,1.073,1.076,299780800.0,322799700.0
2026-04-13,1.072,1.086,1.07,1.086,482787500.0,520527300.00000006
2026-04-14,1.088,1.096,1.078,1.088,518693500.0,563272000.0
2026-04-15,1.088,1.095,1.08,1.092,441162300.0,480413300.0
2026-04-16,1.091,1.1,1.086,1.098,405584900.0,443862300.00000006
2026-04-17,1.096,1.104,1.092,1.095,254563000.0,279061200.0
2026-04-20,1.095,1.11,1.093,1.109,315936800.0,348403900.0
2026-04-21,1.11,1.129,1.099,1.123,509724400.0,566905900.0
2026-04-22,1.118,1.127,1.113,1.12,511292100.0,572939700.0
2026-04-23,1.121,1.145,1.11,1.142,597005200.0,673838300.0
2026-04-24,1.138,1.138,1.12,1.123,403818000.0,455557800.0
2026-04-27,1.114,1.123,1.105,1.116,296226900.0,330255300.0
2026-04-28,1.111,1.126,1.104,1.123,303026900.0,337853300.0
2026-04-29,1.115,1.131,1.111,1.124,306111700.0,344165600.0
2026-04-30,1.12,1.12,1.104,1.108,399438000.0,443010600.0
2026-05-06,1.111,1.135,1.111,1.135,488663000.0,549415400.0
2026-05-07,1.137,1.152,1.134,1.149,368029500.0,421069400.0
2026-05-08,1.146,1.169,1.141,1.147,491134600.0,565232900.0
2026-05-11,1.152,1.171,1.152,1.165,443436900.0,515547000.0
2026-05-12,1.165,1.185,1.153,1.177,428957200.0,503477000.0
2026-05-13,1.177,1.213,1.177,1.202,645969800.0,776234400.0
2026-05-14,1.206,1.225,1.172,1.173,736688100.0,881568800.0
2026-05-15,1.16,1.181,1.141,1.163,667259000.0,772515300.0
2026-05-18,1.154,1.175,1.154,1.168,364673100.0,425033900.0
2026-05-19,1.167,1.221,1.155,1.215,658524400.0,789718800.0
2026-05-20,1.205,1.206,1.154,1.155,1112986300.0,1303529300.0
2026-05-21,1.144,1.169,1.133,1.137,653926800.0,754536700.0
2026-05-22,1.134,1.148,1.121,1.142,356962700.0,405852800.0
2026-05-25,1.142,1.172,1.138,1.171,500931900.0,581567200.0
2026-05-26,1.167,1.177,1.154,1.171,424543200.0,495628200.0
2026-05-27,1.162,1.19,1.16,1.184,578940100.0,682399100.0
2026-05-28,1.185,1.216,1.176,1.199,763499800.0,916919800.0
2026-05-29,1.195,1.246,1.19,1.241,1123007800.0,1383439700.0
2026-06-01,1.254,1.257,1.202,1.257,1460344900.0,1806163800.0
2026-06-02,1.236,1.246,1.222,1.241,1293530800.0,1595557600.0
2026-06-03,1.223,1.263,1.21,1.249,1416589600.0,1746859100.0
2026-06-04,1.235,1.253,1.228,1.228,724395800.0,897112100.0000001
2026-06-05,1.225,1.248,1.174,1.178,1087541800.0,1307199200.0
2026-06-08,1.151,1.182,1.141,1.145,1018135900.0,1175655300.0
2026-06-09,1.146,1.159,1.122,1.159,789608700.0,901759400.0
2026-06-10,1.147,1.147,1.121,1.127,544996300.0,616203800.0
2026-06-11,1.116,1.134,1.114,1.128,561799700.0,631913700.0
2026-06-12,1.129,1.146,1.119,1.14,592657800.0,672246000.0
2026-06-15,1.143,1.15,1.132,1.15,487616700.0,557373300.0
2026-06-16,1.147,1.155,1.139,1.142,473330600.0,542227400.0
2026-06-17,1.141,1.144,1.123,1.13,531343400.0,601473100.0
2026-06-18,1.125,1.129,1.087,1.091,1251579300.0,1379043500.0
2026-06-22,1.083,1.095,1.071,1.095,768429900.0,832300900.0
2026-06-23,1.09,1.104,1.076,1.082,559400500.0,609686000.0
2026-06-24,1.078,1.083,1.059,1.06,534322900.0,568520300.0
2026-06-25,1.053,1.056,1.039,1.042,555786400.0,581233100.0
2026-06-26,1.042,1.059,1.032,1.032,570472700.0,595869600.0
2026-06-29,1.026,1.038,1.013,1.038,450111000.0,463287100.0
2026-06-30,1.033,1.034,1.021,1.032,463825600.0,475973900.0
2026-07-01,1.03,1.052,1.027,1.048,671595300.0,698933300.0
2026-07-02,1.048,1.055,1.033,1.038,520912700.0,542684600.0
2026-07-03,1.035,1.044,1.031,1.04,348748900.0,361821400.0
2026-07-06,1.039,1.04,1.029,1.034,428934100.0,443764900.0
2026-07-07,1.031,1.033,1.007,1.011,499160400.0,506694200.0
2026-07-08,1.009,1.017,1.003,1.009,333094400.0,336729500.0
2026-07-09,1.005,1.01,0.996,1.007,394766500.0,395607900.0
2026-07-10,1.006,1.026,0.999,1.022,519078300.0,527434000.0
2026-07-13,1.017,1.018,1.005,1.006,363746100.0,367403100.0
2026-07-14,1.004,1.022,1.002,1.022,329194400.0,333739000.0
2026-07-15,1.016,1.028,1.01,1.028,475402900.0,486613600.0
2026-07-16,1.026,1.029,1.01,1.011,419562800.0,427085800.0
2026-07-17,1.01,1.044,1.01,1.033,1028222000.0,1061168100.0
2026-07-20,1.027,1.081,1.022,1.081,1243799700.0,1315876500.0
2026-07-21,1.08,1.084,1.054,1.073,1540977400.0,1643911000.0
2026-07-22,1.061,1.091,1.06,1.09,1544758600.0,1661784300.0
2026-07-23,1.081,1.111,1.076,1.099,1036434700.0,1133943900.0
2026-07-24,1.09,1.096,1.051,1.054,955014300.0,1020846799.9999999
2026-07-27,1.042,1.064,1.042,1.063,508834800.0,537434300.0
2026-07-28,1.056,1.057,1.048,1.054,542204200.0,571035900.0
2026-07-29,1.053,1.075,1.05,1.07,539638000.0,574934000.0
2026-07-30,1.068,1.078,1.062,1.072,459450600.0,491862200.0
2026-07-31,1.06,1.073,1.059,1.072,497535700.0,530617699.99999994
2026-08-03,1.073,1.087,1.072,1.086,388540100.0,420558700.0
2026-08-04,1.087,1.09,1.073,1.076,473075800.0,510045899.99999994
2026-08-05,1.075,1.075,1.06,1.068,634885900.0,675838500.0
2026-08-06,1.066,1.066,1.05,1.059,580630700.0,612719400.0
2026-08-07,1.056,1.059,1.047,1.059,609113800.0,640706000.0
2026-08-10,1.057,1.065,1.053,1.064,598594200.0,634907900.0
2026-08-11,1.063,1.074,1.058,1.069,646109000.0,690496100.0
2026-08-12,1.065,1.069,1.055,1.062,372939300.0,395414200.0
2026-08-13,1.057,1.071,1.056,1.068,533963600.0,568258400.0
2026-08-14,1.067,1.067,1.047,1.048,529282200.0,555874600.0
2026-08-17,1.045,1.046,1.039,1.046,382646300.0,398816300.0
2026-08-18,1.044,1.044,1.035,1.038,388767400.0,403833100.0
2026-08-19,1.037,1.04,1.027,1.028,435644700.0,449269700.0
2026-08-20,1.028,1.034,1.024,1.029,311577500.0,320409700.0
2026-08-21,1.027,1.027,1.02,1.024,254722600.0,260327700.0
