date,open,high,low,close,amount
2021-08-06,1630.3,1639.19,1575.42,1586.67,4216382.53
2021-08-09,1567.44,1582.92,1548.69,1574.44,3178352.21
2021-08-10,1574.01,1592.83,1569.28,1588.19,3435645.27
2021-08-11,1589.43,1593.15,1564.97,1578.79,2948450.43
2021-08-12,1572.15,1604.73,1570.35,1586.5,2797001.88
2021-08-13,1580.12,1588.23,1549.68,1552.78,3332210.47
2021-08-16,1547.39,1566.0,1535.35,1547.93,2567163.33
2021-08-17,1544.4,1555.45,1506.72,1509.25,2439983.99
2021-08-18,1514.46,1530.24,1501.18,1507.99,2205343.49
2021-08-19,1509.72,1553.16,1508.17,1546.11,2566232.98
2021-08-20,1537.91,1557.11,1514.07,1529.09,2549585.44
2021-08-23,1534.39,1568.84,1524.2,1564.11,2403202.01
2021-08-24,1567.7,1586.52,1550.88,1578.03,2651868.19
2021-08-25,1573.74,1574.4,1535.09,1542.78,2670028.5
2021-08-26,1546.32,1555.04,1494.89,1497.34,2881524.59
2021-08-27,1491.34,1506.65,1476.56,1480.31,2660488.99
2021-08-30,1487.9,1508.78,1463.4,1471.46,3213278.33
2021-08-31,1463.13,1463.56,1423.51,1441.17,3075396.56
2021-09-01,1437.26,1438.38,1400.16,1424.66,2968492.08
2021-09-02,1416.16,1424.17,1395.51,1399.48,2513722.79
2021-09-03,1399.47,1415.24,1382.64,1400.89,2754737.92
2021-09-06,1398.24,1441.71,1393.54,1439.0,2228395.68
2021-09-07,1435.73,1443.34,1426.03,1438.57,1961250.79
2021-09-08,1439.66,1439.66,1408.72,1412.72,2061860.98
2021-09-09,1414.07,1425.28,1393.61,1402.19,2277798.02
2021-09-10,1398.33,1431.71,1392.21,1426.81,2753404.99
2021-09-13,1426.54,1426.76,1384.02,1384.43,2311703.77
2021-09-14,1384.28,1414.09,1383.41,1396.67,2261559.79
2021-09-15,1395.61,1395.99,1378.95,1384.52,1768496.81
2021-09-16,1378.18,1380.16,1347.9,1351.43,2071482.45
2021-09-17,1349.34,1360.91,1332.1,1349.68,1960210.56
2021-09-22,1338.01,1361.21,1335.5,1355.28,1818481.23
2021-09-23,1359.67,1376.57,1354.21,1363.79,1672292.08
2021-09-24,1362.98,1390.5,1359.85,1375.0,1869470.14
2021-09-27,1386.52,1397.18,1354.2,1368.69,1944758.87
2021-09-28,1362.33,1379.59,1350.79,1354.1,1597093.37
2021-09-29,1344.89,1356.64,1336.51,1345.77,1924417.49
2021-09-30,1348.65,1371.49,1348.65,1368.72,1448579.23
2021-10-08,1378.53,1388.02,1361.04,1364.46,1541231.36
2021-10-11,1367.21,1377.31,1348.05,1349.77,1513014.76
2021-10-12,1348.22,1355.92,1312.44,1319.39,1624645.85
2021-10-13,1322.89,1349.17,1322.89,1344.76,1565538.36
2021-10-14,1346.99,1356.21,1339.56,1347.27,1300761.15
2021-10-15,1349.4,1367.23,1341.75,1363.16,1580866.73
2021-10-18,1366.55,1366.55,1338.89,1352.58,1593947.84
2021-10-19,1355.07,1369.16,1352.01,1366.79,1363856.19
2021-10-20,1370.21,1381.06,1363.65,1373.59,1571714.92
2021-10-21,1374.65,1379.19,1355.93,1362.4,1533767.83
2021-10-22,1367.06,1379.19,1359.27,1368.14,2044367.22
2021-10-25,1366.21,1381.24,1359.63,1380.31,1735638.75
2021-10-26,1379.79,1389.48,1372.66,1376.13,1774272.93
2021-10-27,1371.79,1374.36,1354.3,1361.82,2184986.84
2021-10-28,1359.07,1371.17,1354.72,1356.37,1956515.54
2021-10-29,1363.25,1398.42,1355.37,1396.2,2409817.7
2021-11-01,1398.59,1415.58,1392.4,1404.21,2349330.12
2021-11-02,1405.87,1423.93,1395.7,1405.64,2819338.44
2021-11-03,1408.2,1416.47,1386.4,1399.55,2098887.87
2021-11-04,1404.66,1420.33,1404.66,1410.74,2038347.96
2021-11-05,1416.24,1418.88,1396.03,1396.74,2172884.95
2021-11-08,1398.57,1401.05,1381.62,1400.8,2005434.16
2021-11-09,1404.89,1422.9,1397.82,1420.51,2502743.27
2021-11-10,1417.66,1423.31,1398.88,1420.45,2386315.68
2021-11-11,1418.48,1443.6,1416.18,1437.15,2986363.69
2021-11-12,1432.71,1444.41,1425.58,1440.16,2913610.06
2021-11-15,1441.41,1448.03,1429.32,1432.6,2296383.31
2021-11-16,1428.48,1438.61,1418.2,1421.27,2055118.45
2021-11-17,1420.99,1438.8,1414.12,1436.16,1812232.0
2021-11-18,1433.51,1433.64,1417.17,1423.97,1854732.96
2021-11-19,1424.76,1447.19,1424.76,1444.78,1940821.86
2021-11-22,1449.45,1483.48,1449.38,1479.99,2722068.12
2021-11-23,1477.67,1485.8,1473.55,1476.25,2420503.34
2021-11-24,1477.96,1489.71,1471.62,1472.22,2274515.37
2021-11-25,1472.64,1477.74,1465.64,1468.07,2073798.13
2021-11-26,1466.36,1470.53,1450.93,1459.93,2002441.94
2021-11-29,1448.5,1474.44,1444.3,1471.23,2416956.64
2021-11-30,1477.8,1479.93,1463.15,1475.71,2150293.88
2021-12-01,1473.52,1479.09,1452.75,1456.48,1915389.59
2021-12-02,1454.74,1458.08,1427.98,1429.5,1882169.45
2021-12-03,1432.23,1444.99,1431.59,1444.83,2070180.94
2021-12-06,1444.93,1445.16,1405.51,1405.77,2143150.65
2021-12-07,1413.0,1415.05,1380.51,1389.44,1931767.91
2021-12-08,1394.99,1416.69,1394.99,1415.37,1900681.27
2021-12-09,1417.34,1438.49,1410.15,1434.52,2592607.43
2021-12-10,1431.85,1442.62,1425.0,1435.7,3874003.12
2021-12-13,1439.19,1450.83,1434.15,1445.71,2561892.86
2021-12-14,1445.05,1451.68,1435.89,1439.47,1926378.74
2021-12-15,1439.12,1443.55,1424.77,1424.9,1926027.85
2021-12-16,1425.53,1436.06,1419.7,1425.93,1775541.1
2021-12-17,1426.79,1430.39,1395.64,1399.06,1942680.68
2021-12-20,1389.18,1401.34,1363.11,1363.96,2052235.51
2021-12-21,1366.27,1378.49,1363.97,1374.65,1661277.65
2021-12-22,1378.31,1386.24,1373.53,1375.03,1515653.88
2021-12-23,1375.83,1380.15,1366.99,1375.97,1451665.16
2021-12-24,1375.18,1378.3,1353.65,1358.73,1630218.52
2021-12-27,1356.41,1369.21,1349.11,1355.64,1342783.29
2021-12-28,1355.65,1370.31,1355.65,1369.62,1323696.09
2021-12-29,1370.49,1370.49,1352.0,1356.21,1288042.94
2021-12-30,1355.97,1381.44,1355.41,1375.56,1461676.49
2021-12-31,1384.28,1399.75,1383.84,1398.19,1746652.38
2022-01-04,1403.39,1405.51,1361.43,1364.99,2305360.84
2022-01-05,1364.01,1365.77,1328.29,1333.33,2054154.51
2022-01-06,1327.7,1331.43,1309.9,1320.94,1755662.33
2022-01-07,1322.89,1331.91,1305.14,1305.49,1783158.03
2022-01-10,1306.6,1323.15,1291.41,1318.27,1782000.75
2022-01-11,1317.92,1317.93,1291.51,1294.4,1695863.44
2022-01-12,1298.62,1317.52,1298.62,1316.35,1743012.61
2022-01-13,1319.19,1319.19,1294.65,1294.65,1700527.89
2022-01-14,1289.38,1316.33,1288.85,1312.29,2215187.46
2022-01-17,1317.39,1341.17,1313.62,1338.32,2199861.14
2022-01-18,1340.41,1362.48,1328.4,1342.36,2273902.95
2022-01-19,1340.71,1343.3,1318.31,1324.09,1662278.99
2022-01-20,1326.64,1329.81,1304.69,1306.02,1702964.26
2022-01-21,1304.16,1308.44,1288.78,1290.41,1869001.92
2022-01-24,1286.14,1311.51,1285.04,1307.74,1819019.37
2022-01-25,1303.93,1311.73,1276.2,1277.0,1907159.0
2022-01-26,1281.51,1289.41,1261.95,1276.36,1630927.84
2022-01-27,1274.63,1280.25,1239.49,1240.55,1753624.14
2022-01-28,1253.94,1255.19,1229.22,1229.22,1551733.15
2022-02-07,1247.58,1263.97,1230.7,1233.62,1421715.29
2022-02-08,1233.66,1233.66,1191.49,1204.05,1563285.91
2022-02-09,1204.24,1212.45,1195.09,1210.29,1499083.35
2022-02-10,1214.98,1215.28,1182.4,1188.2,1812965.3
2022-02-11,1182.87,1188.52,1168.9,1169.59,1687300.11
2022-02-14,1161.84,1179.89,1148.7,1169.44,1338539.77
2022-02-15,1172.77,1204.34,1171.68,1203.12,1647383.86
2022-02-16,1210.42,1211.55,1195.97,1197.56,1181411.06
2022-02-17,1196.6,1217.47,1191.45,1207.82,1434037.65
2022-02-18,1200.34,1206.01,1195.24,1204.37,1331421.38
2022-02-21,1207.15,1212.49,1191.84,1193.6,1456113.52
2022-02-22,1184.84,1186.78,1168.57,1183.98,1633863.46
2022-02-23,1182.42,1233.44,1181.4,1231.08,2322761.3
2022-02-24,1226.95,1240.35,1199.07,1214.99,2433315.93
2022-02-25,1231.54,1253.46,1230.61,1240.88,1975666.71
2022-02-28,1243.98,1249.59,1230.65,1249.59,2156087.79
2022-03-01,1254.57,1259.68,1232.09,1239.02,1762914.41
2022-03-02,1233.1,1233.92,1216.47,1230.28,1490622.14
2022-03-03,1235.96,1237.2,1208.82,1209.82,1726799.64
2022-03-04,1201.12,1228.19,1197.83,1203.09,1758402.39
2022-03-07,1198.01,1198.01,1164.98,1169.98,1901070.08
2022-03-08,1167.59,1179.2,1135.52,1137.08,2414422.32
2022-03-09,1148.18,1156.4,1097.07,1129.65,2753929.06
2022-03-10,1161.99,1168.14,1149.42,1153.36,2465658.5
2022-03-11,1137.61,1162.6,1125.34,1161.21,2621609.79
2022-03-14,1151.97,1154.7,1126.26,1126.28,2247694.57
2022-03-15,1115.19,1142.81,1093.43,1093.43,2836715.67
2022-03-16,1115.84,1128.12,1070.77,1125.48,2888873.85
2022-03-17,1144.98,1163.51,1138.01,1142.71,2996237.24
2022-03-18,1136.98,1144.32,1124.85,1144.32,1961700.1
2022-03-21,1143.55,1160.71,1137.81,1152.33,2082383.77
2022-03-22,1145.08,1149.47,1131.88,1134.32,1839397.77
2022-03-23,1138.73,1150.2,1130.22,1144.09,1634121.99
2022-03-24,1135.85,1141.76,1121.64,1134.57,1574074.25
2022-03-25,1137.8,1140.92,1106.36,1106.86,1602709.55
2022-03-28,1097.87,1101.33,1085.27,1090.73,1450974.72
2022-03-29,1097.36,1099.24,1078.34,1079.93,1398627.53
2022-03-30,1084.76,1112.63,1084.76,1112.52,1618272.87
2022-03-31,1109.55,1109.55,1086.99,1091.06,1606409.49
2022-04-01,1085.31,1095.46,1074.79,1089.19,1448344.46
2022-04-06,1087.76,1087.76,1054.7,1058.49,1881249.46
2022-04-07,1050.43,1059.36,1036.07,1036.07,1678890.9
2022-04-08,1032.84,1039.1,1017.18,1027.24,1650744.55
2022-04-11,1022.91,1022.91,985.59,988.76,1902675.04
2022-04-12,987.45,994.83,970.05,994.44,1651166.61
2022-04-13,989.66,989.66,964.83,964.83,1350494.4
2022-04-14,972.24,982.7,961.54,975.57,1714628.59
2022-04-15,968.91,980.15,955.77,973.36,1541255.24
2022-04-18,969.06,1005.89,964.49,1004.61,1694079.67
2022-04-19,1002.98,1010.58,987.77,989.93,1382969.93
2022-04-20,988.75,992.47,973.05,973.51,1280572.98
2022-04-21,968.48,989.25,954.84,957.72,1685147.53
2022-04-22,953.64,959.73,940.26,942.07,1502890.82
2022-04-25,924.96,924.96,884.3,884.3,2329353.86
2022-04-26,884.18,901.76,865.65,868.07,2092079.91
2022-04-27,857.38,910.07,853.21,906.43,2372278.68
2022-04-28,899.66,908.45,885.25,903.06,2147136.91
2022-04-29,910.14,949.06,902.58,947.15,2418939.0
2022-05-05,944.55,967.25,944.06,956.13,2306439.53
2022-05-06,933.01,960.04,929.82,942.23,1755901.33
2022-05-09,938.39,953.6,937.43,946.72,1603950.69
2022-05-10,935.06,983.68,931.58,972.14,2178714.41
2022-05-11,974.54,1026.49,972.86,1002.46,2754439.02
2022-05-12,999.54,1021.96,996.47,1013.06,2011076.08
2022-05-13,1020.39,1021.37,1002.27,1010.8,1697873.41
2022-05-16,1016.94,1025.6,995.25,996.51,1773900.39
2022-05-17,995.97,1013.95,993.38,1010.37,1886231.18
2022-05-18,1011.53,1023.93,1007.57,1014.0,1734876.19
2022-05-19,1002.66,1036.67,999.4,1036.34,2170723.0
2022-05-20,1045.69,1049.04,1028.95,1045.38,2207609.81
2022-05-23,1044.18,1050.06,1033.79,1046.15,2002307.71
2022-05-24,1045.01,1045.03,996.65,996.65,2587625.0
2022-05-25,996.75,1008.58,991.97,1006.52,1721443.01
2022-05-26,1006.1,1014.85,986.42,1004.26,1689204.32
2022-05-27,1008.06,1015.46,988.21,993.7,1698407.94
2022-05-30,995.96,1007.12,984.28,1001.54,1915873.66
2022-05-31,1004.08,1035.32,991.75,1035.32,3172392.46
2022-06-01,1029.09,1038.7,1024.76,1031.58,2803365.01
2022-06-02,1028.69,1081.92,1023.99,1079.85,4333626.44
2022-06-06,1084.66,1130.76,1081.45,1121.54,4640004.16
2022-06-07,1124.16,1124.52,1104.43,1111.4,3367303.49
2022-06-08,1108.59,1126.46,1091.68,1111.67,2892851.42
2022-06-09,1108.93,1109.73,1073.66,1081.17,2597796.69
2022-06-10,1074.07,1103.15,1072.18,1102.85,4166523.7
2022-06-13,1088.76,1094.79,1080.39,1088.38,3537999.78
2022-06-14,1073.75,1076.82,1039.0,1070.54,3740946.63
2022-06-15,1069.94,1085.88,1061.46,1062.71,3600207.95
2022-06-16,1065.69,1094.7,1065.44,1078.95,3011199.44
2022-06-17,1070.62,1094.27,1066.17,1092.09,3299868.0
2022-06-20,1099.46,1109.74,1086.75,1095.33,3490743.14
2022-06-21,1094.33,1098.9,1073.5,1083.02,3413289.55
2022-06-22,1084.71,1090.02,1063.59,1063.69,3110467.35
2022-06-23,1064.73,1083.1,1054.91,1081.84,3051190.82
2022-06-24,1084.61,1107.33,1084.61,1101.48,3374570.99
2022-06-27,1113.22,1121.45,1101.32,1103.4,3675787.67
2022-06-28,1105.11,1119.18,1084.59,1117.28,3608098.83
2022-06-29,1112.59,1121.24,1089.25,1090.68,3561841.74
2022-06-30,1092.46,1116.95,1090.5,1105.67,3365766.38
2022-07-01,1105.97,1107.86,1086.25,1089.03,3674076.85
2022-07-04,1087.34,1098.64,1073.04,1095.09,3950759.54
2022-07-05,1100.18,1106.99,1077.35,1090.93,3321180.76
2022-07-06,1092.7,1116.14,1091.41,1101.75,3284101.26
2022-07-07,1103.78,1113.73,1087.59,1111.67,3139913.85
2022-07-08,1117.18,1120.87,1100.55,1104.02,2863540.73
2022-07-11,1098.67,1098.67,1070.66,1081.16,2817168.12
2022-07-12,1081.9,1084.94,1049.21,1049.24,2602142.42
2022-07-13,1051.78,1061.41,1041.65,1052.79,2525526.67
2022-07-14,1052.43,1086.33,1049.65,1076.81,2898869.82
2022-07-15,1072.99,1093.82,1071.97,1072.26,2527506.57
2022-07-18,1075.71,1078.3,1053.35,1069.33,3094644.13
2022-07-19,1068.69,1073.06,1052.95,1061.85,2850353.59
2022-07-20,1066.2,1082.62,1066.2,1079.53,2622833.51
2022-07-21,1080.65,1109.54,1075.67,1091.41,3624161.35
2022-07-22,1099.62,1101.37,1076.35,1084.97,2782866.58
2022-07-25,1082.62,1095.69,1070.81,1073.76,2460302.25
2022-07-26,1072.54,1087.86,1066.13,1084.66,2667264.45
2022-07-27,1083.67,1098.37,1083.32,1095.7,2725636.47
2022-07-28,1102.44,1116.16,1094.66,1108.79,3282049.7
2022-07-29,1113.08,1113.32,1086.71,1088.91,2538296.67
2022-08-01,1081.62,1100.96,1068.19,1100.18,2770214.72
2022-08-02,1084.98,1107.24,1074.97,1094.91,3573009.65
2022-08-03,1099.44,1127.0,1090.61,1100.35,4332724.27
2022-08-04,1106.15,1119.5,1099.1,1110.92,3089983.52
2022-08-05,1115.02,1158.51,1112.92,1157.33,4618204.58
2022-08-08,1161.04,1161.04,1144.32,1152.58,4235986.15
2022-08-09,1152.91,1163.7,1141.34,1162.32,3898550.89
2022-08-10,1154.17,1170.52,1152.97,1156.16,3706962.29
2022-08-11,1163.54,1176.06,1150.98,1173.14,3563010.38
2022-08-12,1169.66,1174.4,1146.02,1146.19,2950962.16
2022-08-15,1145.02,1155.45,1138.06,1143.75,2883078.84
2022-08-16,1143.7,1154.43,1134.21,1137.3,2976090.93
2022-08-17,1136.8,1140.66,1127.89,1132.31,2963718.52
2022-08-18,1132.6,1148.38,1129.32,1146.63,3528308.33
2022-08-19,1146.33,1155.78,1108.16,1108.45,4409685.52
2022-08-22,1103.15,1111.4,1096.99,1107.28,3520066.74
2022-08-23,1109.25,1117.71,1105.68,1107.3,2777314.46
2022-08-24,1110.01,1112.75,1068.98,1068.98,3162474.08
2022-08-25,1071.98,1077.66,1044.77,1055.89,2729849.26
2022-08-26,1064.71,1069.26,1044.4,1045.99,2279837.55
2022-08-29,1032.04,1058.72,1029.89,1054.28,2878619.57
2022-08-30,1054.26,1064.76,1047.73,1050.28,2392004.42
2022-08-31,1048.4,1057.84,1023.47,1029.66,2710980.21
2022-09-01,1032.78,1041.92,1023.54,1025.66,2613958.18
2022-09-02,1027.47,1040.46,1022.58,1030.12,2475024.93
2022-09-05,1030.6,1034.95,1018.56,1024.39,2634220.6
2022-09-06,1025.86,1038.97,1016.65,1035.78,2722983.32
2022-09-07,1032.02,1065.17,1031.9,1049.58,2870024.3
2022-09-08,1050.32,1054.74,1040.05,1040.77,2298621.55
2022-09-09,1039.59,1042.11,1022.68,1033.78,2161855.0
2022-09-13,1034.5,1046.18,1028.77,1031.17,2001101.59
2022-09-14,1018.07,1033.45,1016.87,1031.3,1927936.8
2022-09-15,1035.76,1037.63,990.85,1000.08,2888894.67
2022-09-16,997.36,1018.72,997.36,998.52,2497458.53
2022-09-19,997.53,1003.15,970.87,975.55,2251571.21
2022-09-20,982.37,997.22,977.27,985.15,2061724.73
2022-09-21,980.62,983.8,968.71,970.39,1970718.93
2022-09-22,964.96,986.43,963.89,975.87,1763697.45
2022-09-23,975.58,984.11,956.11,960.94,2165903.52
2022-09-26,955.04,978.49,952.18,961.83,2078896.84
2022-09-27,963.49,976.45,959.2,976.45,2116590.73
2022-09-28,973.47,977.66,955.32,956.19,1791062.69
2022-09-29,962.45,970.11,955.61,961.47,1849813.27
2022-09-30,956.4,961.89,937.86,939.38,1786436.51
2022-10-10,933.02,934.96,895.2,897.34,2278138.61
2022-10-11,898.37,904.47,889.45,892.74,2092808.42
2022-10-12,890.29,926.19,871.45,924.91,2718473.21
2022-10-13,917.4,942.87,916.37,926.52,2471873.24
2022-10-14,936.42,961.5,925.93,954.92,3456919.52
2022-10-17,948.64,964.95,946.94,963.22,3108377.19
2022-10-18,964.97,968.13,952.99,960.0,2473815.97
2022-10-19,957.73,963.11,949.5,949.5,2422821.83
2022-10-20,944.16,976.71,938.33,963.95,3296684.26
2022-10-21,961.48,972.81,951.67,967.98,3024322.56
2022-10-24,967.56,989.65,960.62,969.49,3071168.6
2022-10-25,962.97,984.48,955.57,971.33,2930993.2
2022-10-26,972.45,1010.98,963.36,1003.25,3743083.01
2022-10-27,1008.71,1021.56,995.55,1004.91,4138659.02
2022-10-28,996.61,1015.42,989.23,993.72,3895787.74
2022-10-31,991.89,1022.23,991.89,1010.33,4428040.8
2022-11-01,1011.96,1029.64,1000.97,1024.52,4028960.98
2022-11-02,1020.07,1046.82,1017.99,1037.18,4190214.74
2022-11-03,1028.43,1055.12,1027.04,1048.07,3759979.41
2022-11-04,1048.89,1077.49,1048.89,1072.87,3956616.15
2022-11-07,1070.14,1080.79,1058.13,1061.35,3562502.65
2022-11-08,1061.71,1062.72,1040.87,1051.71,2700419.87
2022-11-09,1049.72,1053.14,1036.95,1037.53,2343890.44
2022-11-10,1033.13,1044.72,1021.11,1023.06,2585425.45
2022-11-11,1053.86,1059.76,1023.26,1023.26,3424747.19
2022-11-14,1021.41,1031.71,1012.67,1022.91,3145272.08
2022-11-15,1022.04,1054.36,1021.14,1052.04,3946417.35
2022-11-16,1052.41,1054.34,1034.2,1036.49,2734881.84
2022-11-17,1029.31,1041.75,1015.05,1041.67,3066426.39
2022-11-18,1039.85,1045.95,1030.74,1031.99,3235674.88
2022-11-21,1023.9,1032.95,1020.06,1032.47,2516825.16
2022-11-22,1029.5,1030.37,1015.14,1017.82,3432003.48
2022-11-23,1014.74,1021.91,994.5,1017.02,3273035.85
2022-11-24,1019.18,1024.24,1013.48,1015.36,2879463.93
2022-11-25,1012.8,1012.8,999.84,999.99,2947828.54
2022-11-28,983.59,997.9,980.76,992.81,2983372.09
2022-11-29,995.34,1003.61,988.07,1002.45,3168636.2
2022-11-30,999.61,1003.73,991.49,1000.26,3077889.27
2022-12-01,1008.71,1017.01,1004.32,1009.33,3084518.41
2022-12-02,1005.63,1021.4,1005.16,1008.14,2948412.0
2022-12-05,1011.28,1011.29,999.49,1003.6,3925537.65
2022-12-06,1003.31,1014.33,999.52,1003.14,3842281.46
2022-12-07,999.28,1008.85,996.94,1000.47,3287630.14
2022-12-08,999.75,1005.88,995.88,997.31,3659584.09
2022-12-09,998.74,1004.36,992.63,1001.69,6088980.39
2022-12-12,1000.29,1011.76,996.23,1004.62,3903176.37
2022-12-13,1002.54,1004.21,989.18,989.31,3022278.31
2022-12-14,1003.57,1004.74,983.09,984.22,3266898.56
2022-12-15,985.15,992.97,979.53,989.2,2420035.4
2022-12-16,984.25,985.87,973.7,978.36,2680629.84
2022-12-19,973.6,980.47,954.02,956.19,2543419.26
2022-12-20,955.08,959.96,950.47,952.77,2250868.48
2022-12-21,950.56,954.62,937.52,940.84,1810951.66
2022-12-22,944.57,946.04,928.91,930.8,2121058.91
2022-12-23,925.14,930.06,915.35,920.35,2040232.47
2022-12-26,920.74,951.66,920.56,951.11,2553547.02
2022-12-27,951.86,965.49,947.17,963.14,2368372.43
2022-12-28,960.39,963.36,955.49,957.27,2007107.0
2022-12-29,956.1,970.57,954.74,962.25,1975230.02
2022-12-30,963.29,971.04,958.99,959.9,1795900.04
2023-01-03,960.51,982.24,956.7,979.91,2522453.77
2023-01-04,982.03,983.84,966.29,972.38,2321619.41
2023-01-05,972.61,985.82,969.32,983.52,2598134.94
2023-01-06,985.99,1003.05,984.02,991.1,3438375.31
2023-01-09,994.74,1000.07,986.17,988.67,2530880.59
2023-01-10,989.85,998.16,985.22,990.32,2124064.46
2023-01-11,990.15,993.47,973.56,973.96,2184618.19
2023-01-12,978.36,979.36,971.5,974.19,2229529.48
2023-01-13,976.58,977.06,967.11,974.31,2037772.39
2023-01-16,972.7,1000.27,971.9,992.61,3580937.41
2023-01-17,994.64,1006.59,993.45,1003.68,2423561.38
2023-01-18,1006.69,1009.87,1001.75,1006.75,1973210.23
2023-01-19,1004.79,1023.71,1004.08,1023.65,2243892.73
2023-01-20,1025.0,1034.59,1024.16,1029.14,2211790.06
2023-01-30,1046.44,1051.67,1031.36,1031.61,4229142.68
2023-01-31,1027.82,1029.62,1014.13,1014.36,3018699.21
2023-02-01,1016.31,1026.87,1010.4,1026.4,3188567.69
2023-02-02,1030.33,1041.24,1028.37,1031.68,3587092.99
2023-02-03,1029.12,1034.26,1016.91,1033.87,2605814.32
2023-02-06,1031.92,1038.27,1020.81,1024.43,2713237.63
2023-02-07,1024.24,1027.76,1014.48,1020.17,2488063.45
2023-02-08,1021.16,1026.22,1010.69,1010.69,2294143.83
2023-02-09,1007.84,1037.7,1004.67,1036.86,3328658.99
2023-02-10,1034.22,1038.6,1018.76,1024.54,3149442.8
2023-02-13,1020.55,1031.47,1017.59,1024.04,3011048.83
2023-02-14,1026.45,1032.59,1016.93,1022.67,2655467.06
2023-02-15,1022.79,1026.2,1016.25,1024.22,3423963.88
2023-02-16,1024.12,1030.43,998.96,1005.18,3805857.69
2023-02-17,1002.08,1005.38,986.33,986.33,2858350.35
2023-02-20,985.11,999.98,979.83,998.83,2741887.08
2023-02-21,997.55,1003.18,989.98,995.73,2576217.65
2023-02-22,988.79,993.52,987.28,989.65,1930714.38
2023-02-23,988.2,997.76,988.2,992.46,2558408.85
2023-02-24,996.03,999.8,988.33,990.63,2437148.18
2023-02-27,988.11,996.12,983.92,986.28,2781204.28
2023-02-28,991.44,994.73,980.1,990.47,2981129.61
2023-03-01,989.11,998.06,984.59,994.63,3715505.26
2023-03-02,994.54,997.46,987.91,988.89,2949840.95
2023-03-03,996.1,1002.48,990.27,998.9,3574535.18
2023-03-06,999.72,1011.03,991.66,1007.63,3896094.64
2023-03-07,1005.62,1008.08,990.21,990.58,3594451.78
2023-03-08,989.71,996.81,987.97,994.89,2674681.85
2023-03-09,996.56,1003.2,992.21,998.3,2916139.44
2023-03-10,990.9,1003.89,987.5,993.55,3999466.91
2023-03-13,992.94,1000.02,991.16,998.91,3508582.05
2023-03-14,997.77,1017.69,989.33,1013.39,5563032.88
2023-03-15,1016.18,1027.17,1007.18,1007.3,4692416.49
2023-03-16,1001.52,1010.28,990.16,992.44,4875863.52
2023-03-17,1002.37,1021.83,995.08,1015.76,6152273.86
2023-03-20,1016.23,1035.28,1012.45,1025.32,5856381.08
2023-03-21,1024.53,1030.19,1020.52,1030.19,4157270.39
2023-03-22,1031.61,1039.16,1028.31,1034.05,4352786.0
2023-03-23,1030.47,1058.99,1030.47,1058.99,5698293.72
2023-03-24,1058.12,1064.12,1051.05,1060.99,4965464.04
2023-03-27,1057.17,1070.18,1044.7,1057.49,5320190.58
2023-03-28,1059.67,1065.95,1037.01,1038.63,4278644.89
2023-03-29,1039.79,1076.06,1035.68,1062.14,5108397.6
2023-03-30,1065.39,1070.11,1053.53,1065.69,4512360.1
2023-03-31,1063.29,1083.16,1059.36,1081.54,4486298.4
2023-04-03,1093.08,1128.23,1090.75,1126.49,6877674.04
2023-04-04,1122.38,1147.73,1115.74,1129.08,8163471.82
2023-04-06,1127.03,1165.34,1127.03,1146.96,8038899.66
2023-04-07,1149.54,1162.57,1141.83,1161.02,5884504.25
2023-04-10,1164.98,1171.3,1126.05,1129.17,6701198.91
2023-04-11,1132.22,1138.62,1109.22,1121.74,5812648.51
2023-04-12,1118.13,1139.09,1112.45,1129.41,5762071.75
2023-04-13,1122.37,1124.71,1098.12,1100.13,4985496.41
2023-04-14,1107.62,1137.95,1095.96,1136.21,6335469.53
2023-04-17,1134.05,1151.4,1134.05,1140.13,5577303.83
2023-04-18,1130.81,1137.83,1114.83,1129.82,5137961.11
2023-04-19,1131.74,1151.68,1127.71,1134.4,5907546.9
2023-04-20,1134.94,1165.68,1134.94,1164.95,8457167.98
2023-04-21,1162.94,1167.54,1116.83,1116.83,7960047.25
2023-04-24,1116.67,1118.77,1089.96,1096.38,6894186.75
2023-04-25,1095.95,1102.39,1068.72,1076.86,6697340.35
2023-04-26,1072.7,1085.97,1060.13,1069.01,7161554.37
2023-04-27,1063.53,1082.03,1059.95,1068.01,5312034.2
2023-04-28,1060.71,1089.74,1060.71,1087.87,5779924.39
2023-05-04,1077.85,1082.84,1060.3,1064.2,5476593.81
2023-05-05,1062.66,1067.41,1047.09,1049.09,4311877.63
2023-05-08,1050.1,1063.89,1046.26,1057.21,4056241.14
2023-05-09,1058.37,1063.02,1034.19,1034.21,5384214.5
2023-05-10,1031.13,1038.11,1018.08,1025.71,4876000.9
2023-05-11,1035.18,1042.32,1025.57,1025.97,3317289.5
2023-05-12,1028.36,1036.88,1014.02,1014.11,3807196.0
2023-05-15,1013.53,1025.91,1006.3,1025.79,4093599.26
2023-05-16,1029.33,1033.82,1022.34,1025.87,3336123.58
2023-05-17,1025.45,1035.15,1024.18,1029.65,2977814.28
2023-05-18,1031.4,1038.52,1027.76,1034.82,3364497.0
2023-05-19,1040.35,1048.9,1036.97,1040.16,3274827.96
2023-05-22,1040.83,1048.47,1027.44,1032.11,2725465.46
2023-05-23,1029.14,1029.33,1016.11,1016.11,2750318.01
2023-05-24,1011.12,1024.07,1006.71,1011.77,4235249.11
2023-05-25,1016.92,1023.42,1006.79,1021.72,3925165.83
2023-05-26,1023.86,1040.67,1022.11,1038.66,3421354.82
2023-05-29,1041.27,1047.36,1026.83,1028.38,5032420.07
2023-05-30,1025.83,1047.47,1022.15,1044.43,3913136.43
2023-05-31,1040.34,1053.91,1037.63,1053.91,4829285.11
2023-06-01,1048.95,1067.23,1044.98,1053.55,3934001.68
2023-06-02,1055.95,1059.25,1047.37,1053.29,3758792.73
2023-06-05,1063.15,1068.3,1049.45,1051.73,3735234.39
2023-06-06,1047.92,1048.3,1021.0,1022.98,3681389.88
2023-06-07,1023.95,1026.46,1015.34,1019.05,3250142.41
2023-06-08,1012.66,1014.57,1001.75,1007.12,4100227.89
2023-06-09,1008.9,1032.55,1003.32,1032.55,6871911.58
2023-06-12,1030.26,1032.09,1022.4,1026.64,4377578.23
2023-06-13,1025.21,1043.96,1021.27,1039.46,3988240.69
2023-06-14,1038.89,1040.33,1031.07,1035.31,3294447.79
2023-06-15,1036.31,1038.72,1029.74,1033.85,4031350.11
2023-06-16,1034.42,1055.08,1032.31,1052.88,4229049.37
2023-06-19,1053.34,1059.98,1044.98,1055.45,3736427.0
2023-06-20,1054.51,1058.6,1043.5,1055.41,4149603.36
2023-06-21,1050.12,1051.02,1020.14,1020.22,3353382.25
2023-06-26,1011.15,1029.94,1006.35,1010.31,3939414.36
2023-06-27,1011.08,1018.9,1006.79,1011.35,3431992.76
2023-06-28,1017.08,1019.67,996.14,1008.22,3444329.03
2023-06-29,1004.54,1012.06,1001.46,1001.46,3121909.77
2023-06-30,999.18,1009.1,997.54,1005.15,3094198.01
2023-07-03,1006.58,1013.19,999.16,1008.4,4218681.11
2023-07-04,1008.43,1022.46,1004.12,1015.4,3525085.94
2023-07-05,1013.38,1016.81,1004.54,1005.73,2851577.17
2023-07-06,1004.67,1012.85,1001.37,1002.11,2851424.75
2023-07-07,1001.02,1002.45,989.66,991.85,2877104.62
2023-07-10,992.74,1001.03,990.25,993.73,2750745.99
2023-07-11,996.56,1003.22,994.26,1001.41,2971280.31
2023-07-12,999.24,1000.01,984.03,984.98,3492460.13
2023-07-13,988.7,997.7,988.59,995.97,2933534.25
2023-07-14,999.79,1002.82,990.62,991.56,3202731.14
2023-07-17,988.88,988.88,982.05,984.82,2745770.57
2023-07-18,985.24,987.71,980.02,980.02,2593200.15
2023-07-19,987.0,988.55,973.34,975.11,2227854.43
2023-07-20,978.38,978.63,960.29,961.13,2229589.21
2023-07-21,958.89,963.97,953.93,955.55,2313989.93
2023-07-24,953.96,961.4,949.64,950.55,1945775.55
2023-07-25,961.52,965.69,956.37,964.4,2363364.5
2023-07-26,963.55,967.67,959.32,961.6,2118614.21
2023-07-27,962.61,964.62,950.81,952.3,2361108.18
2023-07-28,950.51,963.01,948.2,962.64,2597667.65
2023-07-31,961.69,973.9,961.69,968.99,3218418.46
2023-08-01,969.41,971.52,966.13,969.68,2867515.2
2023-08-02,967.69,973.39,965.99,968.44,2601847.67
2023-08-03,962.55,972.16,962.05,970.37,2746951.9
2023-08-04,972.48,976.98,968.82,975.78,2850332.18
2023-08-07,973.29,977.41,967.16,968.9,2386455.3
2023-08-08,967.43,971.72,965.04,965.53,2117119.15
2023-08-09,961.5,966.7,956.4,957.37,1870171.09
2023-08-10,957.22,961.86,954.42,959.17,1879083.88
2023-08-11,960.1,960.65,938.77,938.77,2462445.24
2023-08-14,932.09,934.25,919.94,930.5,2719076.42
2023-08-15,933.06,935.01,911.59,917.45,3526147.53
2023-08-16,916.59,920.35,901.68,901.79,2694768.47
2023-08-17,899.8,913.85,896.44,910.38,2654127.42
2023-08-18,924.3,924.3,904.25,904.25,2615781.08
2023-08-21,900.22,907.6,891.74,892.09,2467794.69
2023-08-22,896.74,903.78,877.62,901.13,3194958.89
2023-08-23,899.96,899.96,879.46,879.46,2350496.77
2023-08-24,883.8,895.91,880.03,885.48,3138871.01
2023-08-25,880.17,882.44,865.09,870.4,2827519.49
2023-08-28,926.0,927.63,878.26,880.19,4240096.7
2023-08-29,878.78,920.54,878.78,916.46,4704472.22
2023-08-30,935.82,950.7,928.42,939.65,5518983.43
2023-08-31,936.19,949.46,932.34,942.61,4913875.92
2023-09-01,944.25,945.72,927.21,934.79,3136859.75
2023-09-04,935.82,942.45,927.58,942.43,3747208.49
2023-09-05,942.56,947.95,929.25,930.63,3798576.36
2023-09-06,926.25,936.88,920.25,934.6,3663715.87
2023-09-07,929.36,929.36,899.3,899.83,4226815.92
2023-09-08,895.5,906.34,894.4,901.51,2845406.18
2023-09-11,901.54,915.99,895.62,907.51,3308971.15
2023-09-12,905.92,909.84,901.38,901.62,2273159.37
2023-09-13,900.0,902.52,882.91,889.13,2430378.52
2023-09-14,888.26,892.79,877.82,880.8,2208300.0
2023-09-15,883.07,893.91,876.62,887.01,3266678.26
2023-09-18,881.38,888.68,876.91,879.53,2785976.5
2023-09-19,879.35,880.26,870.66,873.62,2000764.05
2023-09-20,870.03,876.9,865.79,866.02,1739036.68
2023-09-21,862.64,869.86,860.31,860.39,1802359.72
2023-09-22,860.73,883.26,859.09,882.88,2827573.95
2023-09-25,880.32,881.7,874.21,874.55,2340697.41
2023-09-26,876.26,884.02,873.98,876.05,2230990.59
2023-09-27,875.43,886.67,875.43,880.17,2753426.1
2023-09-28,880.39,890.07,878.59,887.8,2437334.79
2023-10-09,884.2,890.95,880.34,887.21,2476842.26
2023-10-10,888.15,892.48,881.84,882.04,3050811.27
2023-10-11,885.63,895.16,883.66,893.45,3471046.13
2023-10-12,896.0,901.47,891.17,899.98,3229279.36
2023-10-13,895.47,897.15,888.54,891.72,2727265.14
2023-10-16,890.48,890.94,870.61,874.03,2721302.72
2023-10-17,874.28,884.91,871.79,882.19,2398021.35
2023-10-18,884.71,884.93,869.45,869.76,2912512.7
2023-10-19,864.46,879.55,864.06,870.1,4130300.14
2023-10-20,865.78,872.8,861.08,861.81,3921391.6
2023-10-23,857.48,859.99,836.64,840.14,3359593.29
2023-10-24,844.09,858.29,839.08,850.61,3343726.3
2023-10-25,859.77,862.2,848.65,848.65,2931698.09
2023-10-26,841.99,850.99,837.47,849.31,2820963.29
2023-10-27,843.88,866.54,842.6,861.85,3626486.05
2023-10-30,862.12,881.88,860.4,878.13,4938750.51
2023-10-31,882.43,882.56,869.02,874.41,3780108.33
2023-11-01,874.04,878.33,868.45,869.92,3550634.35
2023-11-02,871.55,875.26,859.89,859.93,3074923.43
2023-11-03,861.54,877.09,861.54,875.37,3629716.28
2023-11-06,880.6,891.56,880.6,890.21,5026304.38
2023-11-07,887.2,892.99,883.75,891.46,4104059.04
2023-11-08,890.87,905.94,889.89,899.63,5469783.24
2023-11-09,897.93,904.59,891.49,893.8,5226809.78
2023-11-10,888.99,894.63,885.3,889.75,3607259.44
2023-11-13,893.5,897.11,888.55,896.55,3236849.82
2023-11-14,895.81,904.71,893.28,904.34,4118500.32
2023-11-15,912.63,913.2,900.62,902.18,4045405.39
2023-11-16,898.74,900.15,886.77,887.11,3109482.67
2023-11-17,886.67,891.95,884.51,891.38,2410327.68
2023-11-20,890.9,896.07,883.03,892.63,3393776.06
2023-11-21,892.92,896.96,884.6,884.89,3056169.4
2023-11-22,881.96,884.71,870.76,870.76,2664143.51
2023-11-23,869.85,878.45,866.63,877.77,2705539.77
2023-11-24,875.58,876.26,863.85,864.77,2546493.25
2023-11-27,864.27,869.87,861.38,868.03,3849636.73
2023-11-28,868.81,873.66,863.81,871.91,3614161.31
2023-11-29,870.4,872.9,862.04,862.04,3644852.54
2023-11-30,861.51,865.68,857.63,865.68,4469156.32
2023-12-01,863.33,869.82,856.44,867.54,3641116.15
2023-12-04,867.83,873.51,861.92,861.92,3321884.82
2023-12-05,859.49,859.49,845.6,845.8,3351163.71
2023-12-06,843.82,852.31,842.59,848.79,3927120.97
2023-12-07,847.1,850.08,839.03,847.48,4578669.52
2023-12-08,849.16,868.23,847.93,868.23,7657725.28
2023-12-11,859.97,880.03,854.81,878.52,4731028.03
2023-12-12,876.69,877.83,866.84,869.97,3348071.87
2023-12-13,868.87,875.19,861.03,861.25,3289831.64
2023-12-14,865.09,869.29,855.43,855.9,2636430.73
2023-12-15,857.01,859.25,846.82,847.51,2752036.35
2023-12-18,845.54,847.59,838.32,840.68,2574398.94
2023-12-19,839.64,850.41,838.21,845.86,2494530.26
2023-12-20,847.27,847.59,835.31,835.71,2302437.19
2023-12-21,832.37,850.99,831.93,847.82,3167905.1
2023-12-22,846.67,851.48,839.79,843.32,3296478.59
2023-12-25,840.38,845.56,834.43,837.22,2755846.35
2023-12-26,836.53,836.66,822.44,825.26,2304131.04
2023-12-27,826.83,833.81,826.17,830.06,2655369.51
2023-12-28,828.4,853.49,828.34,850.39,4551351.7
2023-12-29,849.61,854.88,848.33,852.0,3366221.23
2024-01-02,850.97,850.97,839.8,839.8,2755957.47
2024-01-03,838.3,842.2,827.18,829.77,2570182.26
2024-01-04,831.23,831.55,817.75,823.85,2626625.2
2024-01-05,820.4,825.94,803.4,807.73,2760403.75
2024-01-08,802.9,804.6,783.74,784.43,2952396.08
2024-01-09,786.48,793.6,777.56,782.93,2975490.41
2024-01-10,779.08,790.36,771.58,777.15,2814458.1
2024-01-11,775.37,793.14,775.18,789.86,2833624.27
2024-01-12,788.03,790.38,778.11,778.36,2998294.0
2024-01-15,774.96,784.19,770.98,773.41,2604400.86
2024-01-16,771.84,777.53,765.43,777.4,3065150.34
2024-01-17,775.86,776.23,757.04,757.04,2496748.07
2024-01-18,752.29,769.12,741.34,768.28,4107359.21
2024-01-19,767.24,773.15,762.26,765.47,3162089.54
2024-01-22,763.6,764.62,735.41,742.23,3586378.23
2024-01-23,738.38,754.65,733.48,749.74,3594882.49
2024-01-24,753.01,754.22,728.37,750.27,3594056.75
2024-01-25,749.13,768.02,742.93,765.79,4508049.12
2024-01-26,759.94,762.18,742.93,746.1,3472791.73
2024-01-29,748.26,754.59,725.31,725.31,4505827.09
2024-01-30,720.19,722.63,696.56,697.85,3432377.41
2024-01-31,693.85,699.67,681.38,684.85,4010582.8
2024-02-01,680.72,704.66,678.97,690.01,3534587.57
2024-02-02,693.02,694.75,653.62,673.41,4216346.29
2024-02-05,675.4,687.62,635.74,676.79,5453440.75
2024-02-06,675.45,721.38,665.63,720.8,5198761.1
2024-02-07,723.31,744.34,717.7,743.42,6166345.35
2024-02-08,749.64,767.86,745.24,751.5,5549636.82
2024-02-19,762.64,763.36,748.29,763.32,4928676.9
2024-02-20,756.08,758.06,748.6,754.7,3342941.27
2024-02-21,747.25,769.15,744.26,755.16,4045667.8
2024-02-22,757.26,768.66,755.9,762.38,3560743.32
2024-02-23,768.51,769.81,754.35,764.48,3702730.08
2024-02-26,764.03,776.98,761.22,768.49,4596373.45
2024-02-27,763.66,797.15,761.26,796.91,4806642.64
2024-02-28,797.83,811.65,771.59,771.59,6029716.87
2024-02-29,769.56,807.71,769.56,807.71,5927305.07
2024-03-01,809.4,818.11,803.53,815.49,5254231.15
2024-03-04,819.96,822.65,807.39,818.51,4769154.23
2024-03-05,812.62,824.12,810.32,817.77,4716739.08
2024-03-06,816.14,822.79,803.99,811.9,4448131.63
2024-03-07,814.17,817.78,793.59,794.24,5009575.04
2024-03-08,795.32,805.57,791.73,803.2,4813705.02
2024-03-11,800.9,818.71,797.26,818.44,5073975.88
2024-03-12,818.52,827.63,813.05,817.75,4780205.5
2024-03-13,821.32,824.81,813.09,814.93,4049839.11
2024-03-14,811.51,815.55,797.78,804.86,3739209.1
2024-03-15,802.91,809.4,794.75,808.67,3672167.74
2024-03-18,810.39,825.9,809.83,825.4,4277648.69
2024-03-19,822.18,823.9,811.77,811.77,3730216.11
2024-03-20,810.69,815.73,806.58,814.03,3178285.99
2024-03-21,820.14,824.18,805.55,806.14,3782515.87
2024-03-22,804.02,808.71,793.1,794.2,3938780.64
2024-03-25,792.85,797.66,781.62,781.65,3507847.1
2024-03-26,781.73,787.6,768.68,772.09,3320159.81
2024-03-27,771.54,772.47,752.72,752.82,3385648.39
2024-03-28,753.9,771.48,753.23,763.27,3349295.22
2024-03-29,761.65,763.56,751.24,762.74,2773787.01
2024-04-01,765.63,776.74,765.63,775.53,3360251.8
2024-04-02,774.73,774.73,764.32,768.79,2941043.33
2024-04-03,768.21,769.23,755.21,756.76,3259924.67
2024-04-08,753.83,757.13,740.67,740.67,3384411.8
2024-04-09,739.39,749.86,736.89,749.63,2849718.86
2024-04-10,749.22,749.58,732.47,735.73,2716848.42
2024-04-11,735.67,746.91,735.67,738.67,3488041.18
2024-04-12,742.93,747.5,738.33,738.43,3771824.35
2024-04-15,739.2,755.18,738.54,750.9,4124980.49
2024-04-16,746.88,749.12,732.89,733.15,3434063.35
2024-04-17,737.66,751.2,735.21,750.89,3633331.17
2024-04-18,747.13,757.75,741.2,745.69,3382155.19
2024-04-19,741.29,741.92,729.57,730.56,3383407.11
2024-04-22,723.41,735.97,719.12,731.81,3165778.82
2024-04-23,732.87,736.36,724.9,727.85,2812687.45
2024-04-24,731.71,739.01,728.38,738.63,3059971.94
2024-04-25,735.56,740.47,730.61,733.34,2931310.54
2024-04-26,733.02,753.15,733.02,752.25,4731268.01
2024-04-29,752.92,780.2,752.62,776.15,6150289.95
2024-04-30,773.84,775.92,765.6,767.46,4396129.11
2024-05-06,778.99,785.07,774.04,777.66,4485596.84
2024-05-07,776.82,779.59,768.4,769.79,3567658.8
2024-05-08,769.69,769.7,760.57,761.66,3107833.41
2024-05-09,762.4,779.48,762.4,778.87,4734200.0
2024-05-10,778.15,778.56,764.44,767.17,3634849.71
2024-05-13,760.1,769.21,757.96,763.69,3503130.05
2024-05-14,766.65,769.42,759.43,760.3,2655766.51
2024-05-15,758.8,760.08,749.22,749.47,2634280.38
2024-05-16,753.45,755.17,745.02,746.47,2885701.33
2024-05-17,743.79,754.56,741.86,754.42,3681129.76
2024-05-20,752.2,761.17,749.81,753.54,3995797.88
2024-05-21,752.29,755.46,747.31,748.24,2666328.43
2024-05-22,749.91,756.7,743.68,754.97,5290420.26
2024-05-23,754.4,755.4,741.41,742.4,3850866.87
2024-05-24,741.68,746.4,726.87,727.21,3825927.64
2024-05-27,726.37,739.45,719.54,738.65,4062382.73
2024-05-28,736.7,746.3,734.58,734.85,3601483.14
2024-05-29,734.29,741.34,731.53,734.33,4155514.55
2024-05-30,733.55,746.26,730.34,742.7,4103311.89
2024-05-31,743.18,751.4,741.35,743.23,3973938.72
2024-06-03,743.61,754.65,742.2,750.43,6255872.97
2024-06-04,748.3,755.25,746.53,753.64,4153150.93
2024-06-05,752.05,762.26,751.35,752.04,4006234.51
2024-06-06,756.79,759.24,741.68,743.23,4769920.33
2024-06-07,744.39,749.42,731.52,737.93,3893142.42
2024-06-11,735.84,756.53,734.76,755.83,5128074.89
2024-06-12,758.38,761.6,753.61,754.93,4829195.39
2024-06-13,758.61,765.95,755.61,758.98,5719283.62
2024-06-14,756.41,756.53,750.49,754.26,9174225.37
2024-06-17,749.94,759.93,748.7,757.11,6431348.46
2024-06-18,757.85,763.82,753.55,756.9,4995782.85
2024-06-19,758.41,759.14,747.74,751.69,4887360.63
2024-06-20,752.15,766.12,749.82,755.15,6131198.84
2024-06-21,749.73,758.67,744.5,758.37,4484967.4
2024-06-24,754.41,762.15,738.21,739.14,6032543.44
2024-06-25,738.32,738.8,713.42,717.75,5391761.36
2024-06-26,719.84,732.13,713.0,729.64,4749645.59
2024-06-27,725.52,727.39,715.17,715.36,3609830.11
2024-06-28,713.36,724.9,710.54,712.08,4363865.7
2024-07-01,711.65,714.13,699.42,709.6,3616060.95
2024-07-02,709.15,709.17,697.54,699.12,3337305.08
2024-07-03,698.96,707.36,692.81,701.78,3651574.94
2024-07-04,702.09,704.78,689.92,690.38,3214600.85
2024-07-05,688.53,699.97,683.4,698.85,3309481.43
2024-07-08,700.02,703.63,689.85,692.49,4069669.69
2024-07-09,689.79,712.19,689.42,709.89,5162517.3
2024-07-10,707.19,715.71,706.79,710.37,3819612.72
2024-07-11,722.04,725.02,712.0,718.04,4629140.72
2024-07-12,713.31,721.46,711.16,718.37,3760649.41
2024-07-15,716.48,720.42,712.79,715.86,3558115.73
2024-07-16,712.76,732.69,711.71,732.06,4501738.2
2024-07-17,733.07,735.71,729.0,729.0,4486988.56
2024-07-18,721.76,738.73,718.52,735.41,5243330.46
2024-07-19,731.41,751.2,731.4,749.47,5798443.64
2024-07-22,749.32,756.68,747.38,752.0,4805975.61
2024-07-23,750.13,750.13,720.88,721.11,4280816.33
2024-07-24,720.47,726.31,712.33,713.32,3735102.87
2024-07-25,708.94,722.6,708.94,713.88,3822185.73
2024-07-26,713.89,723.49,710.33,719.87,3235309.0
2024-07-29,719.55,721.22,707.6,707.6,3422028.55
2024-07-30,706.86,712.15,699.9,710.01,3247732.41
2024-07-31,707.66,744.0,707.2,743.37,4984922.35
2024-08-01,745.96,748.77,735.58,738.87,4276191.29
2024-08-02,730.65,742.23,723.56,725.66,3681618.76
2024-08-05,719.16,730.29,704.26,704.3,4559448.96
2024-08-06,714.49,717.19,705.02,713.86,3806705.97
2024-08-07,712.74,716.26,706.83,707.59,2723499.75
2024-08-08,703.06,716.6,699.7,708.92,3154692.87
2024-08-09,717.14,719.43,705.55,705.55,2925715.29
2024-08-12,704.37,709.21,702.95,707.33,2686666.17
2024-08-13,707.7,710.89,702.91,710.75,2627610.72
2024-08-14,711.66,711.94,700.85,700.93,2440185.95
2024-08-15,699.09,714.46,697.86,707.55,3436488.4
2024-08-16,707.39,710.99,703.58,705.22,2701078.0
2024-08-19,705.04,712.01,703.0,703.32,2732887.47
2024-08-20,704.12,705.01,691.65,693.52,2517646.3
2024-08-21,691.13,698.52,689.38,691.64,2279157.81
2024-08-22,692.19,695.48,683.88,685.53,2814610.16
2024-08-23,683.59,688.33,676.23,685.76,2502243.73
2024-08-26,684.77,688.92,679.61,682.5,2649569.7
2024-08-27,679.75,679.75,672.46,674.35,2741121.98
2024-08-28,672.97,675.11,669.13,671.22,2429832.03
2024-08-29,667.88,683.33,666.41,679.59,2962574.23
2024-08-30,678.61,700.03,677.54,694.16,4662045.47
2024-09-02,693.67,694.42,670.01,670.01,4081798.47
2024-09-03,670.06,681.48,670.06,674.96,3065558.68
2024-09-04,668.93,679.17,666.9,672.28,2410357.93
2024-09-05,673.0,680.79,668.46,671.26,2428292.93
2024-09-06,672.62,673.97,662.34,662.34,2469389.06
2024-09-09,659.5,665.67,652.93,654.94,2497327.04
2024-09-10,656.04,663.83,648.62,660.01,2494265.07
2024-09-11,657.39,665.77,656.82,664.33,2923350.92
2024-09-12,666.22,671.87,658.67,658.85,3008276.53
2024-09-13,658.98,662.89,650.7,655.05,3463604.91
2024-09-18,654.51,654.51,641.91,647.41,2991564.33
2024-09-19,649.73,658.36,642.79,651.47,3470595.92
2024-09-20,651.82,654.16,642.6,648.36,2868887.78
2024-09-23,649.0,654.24,643.04,643.04,2757706.2
2024-09-24,648.13,667.27,640.35,667.05,5112010.2
2024-09-25,673.18,684.43,667.07,667.34,5226222.88
2024-09-26,667.55,693.46,663.16,693.15,5363971.29
2024-09-27,704.52,742.96,704.29,740.02,5008501.83
2024-09-30,782.31,872.37,776.45,872.37,16375278.56
2024-10-08,1045.05,1045.05,972.34,1023.97,22913905.63
2024-10-09,993.78,1084.68,958.46,997.85,23675125.12
2024-10-10,1014.36,1016.57,940.09,954.17,15416339.47
2024-10-11,939.57,946.52,889.11,898.9,10576824.33
2024-10-14,904.14,931.81,873.52,925.96,10766266.78
2024-10-15,920.99,942.25,898.83,898.83,9319970.92
2024-10-16,874.27,896.31,872.16,875.69,7331046.96
2024-10-17,897.2,901.12,878.74,879.1,7469985.68
2024-10-18,879.95,1008.07,876.68,978.66,15263470.34
2024-10-21,999.54,1063.85,977.88,1000.37,18482344.44
2024-10-22,988.7,1002.96,969.86,985.83,12992852.99
2024-10-23,976.25,1003.96,971.69,979.15,12618162.18
2024-10-24,968.99,988.04,968.49,977.6,8686647.19
2024-10-25,981.41,1016.08,974.48,991.22,11573895.43
2024-10-28,988.43,991.13,976.52,986.56,9078481.56
2024-10-29,988.5,1006.86,975.03,975.37,10392134.35
2024-10-30,967.84,976.4,949.33,958.82,9628935.41
2024-10-31,960.68,978.18,947.58,969.45,10800360.35
2024-11-01,960.21,967.84,939.76,939.76,8677599.33
2024-11-04,938.19,955.9,937.97,954.67,6225984.93
2024-11-05,954.14,997.89,950.39,996.17,11675702.1
2024-11-06,1002.06,1017.12,986.43,998.09,12651364.78
2024-11-07,986.5,1038.03,984.56,1028.44,12841138.36
2024-11-08,1053.45,1070.95,1025.43,1025.64,16971439.8
2024-11-11,1033.55,1074.52,1028.1,1073.84,18141670.34
2024-11-12,1070.64,1080.57,1040.91,1050.54,15145699.84
2024-11-13,1042.2,1062.65,1039.58,1061.37,10914572.43
2024-11-14,1056.21,1065.2,1024.55,1027.32,9515900.28
2024-11-15,1024.6,1030.27,986.86,986.88,9688502.59
2024-11-18,989.4,1001.99,962.83,968.71,8659257.6
2024-11-19,974.0,999.96,960.01,998.01,7589636.3
2024-11-20,992.67,1008.56,988.26,1002.54,6814794.98
2024-11-21,1002.97,1020.0,999.56,1011.46,7302215.61
2024-11-22,1011.64,1018.51,968.96,969.35,7970465.74
2024-11-25,970.82,974.29,941.21,957.92,6822988.64
2024-11-26,955.58,967.92,950.51,951.59,5165968.89
2024-11-27,947.95,987.98,940.87,985.97,7326822.82
2024-11-28,985.79,1003.42,981.37,983.68,7028521.83
2024-11-29,980.43,1024.53,978.39,1007.39,8800844.99
2024-12-02,1008.71,1022.59,1002.06,1015.79,8820938.02
2024-12-03,1017.07,1021.7,997.11,1005.26,7720460.2
2024-12-04,1020.08,1023.06,995.2,999.36,8857068.63
2024-12-05,993.17,1006.57,992.89,1001.84,5908006.06
2024-12-06,1004.77,1024.84,994.63,1014.45,8098860.55
2024-12-09,1012.88,1016.94,995.41,1003.38,6743423.15
2024-12-10,1051.53,1051.9,1008.5,1010.91,8977200.09
2024-12-11,1007.55,1016.83,1004.36,1007.19,8299324.54
2024-12-12,1008.14,1014.56,999.06,1010.9,7958719.97
2024-12-13,1003.99,1009.35,988.73,989.78,14934245.3
2024-12-16,990.57,992.36,971.1,975.27,8349274.56
2024-12-17,974.04,980.57,965.49,967.28,5402826.05
2024-12-18,970.46,984.76,965.56,981.51,5571287.91
2024-12-19,969.38,997.8,967.86,993.0,6598085.29
2024-12-20,990.06,1024.72,989.41,1011.21,9476242.95
2024-12-23,1011.19,1025.81,996.89,998.61,8787624.26
2024-12-24,1002.5,1015.87,991.3,1014.02,6766240.72
2024-12-25,1018.57,1024.95,1009.71,1017.36,6963058.01
2024-12-26,1014.07,1030.67,1010.94,1027.02,7254163.93
2024-12-27,1026.71,1044.15,1016.98,1018.58,8452292.94
2024-12-30,1014.78,1031.46,1011.1,1020.63,6874282.91
2024-12-31,1020.52,1021.41,988.93,988.93,7291412.42
2025-01-02,986.82,986.82,945.45,955.33,7463455.56
2025-01-03,955.72,963.23,941.25,941.82,6029273.67
2025-01-06,943.76,949.59,931.0,938.71,4947653.89
2025-01-07,938.6,966.07,936.65,965.53,5607802.32
2025-01-08,956.71,976.62,937.82,965.12,6176724.16
2025-01-09,962.23,972.47,960.54,961.44,5458853.78
2025-01-10,962.22,980.75,950.59,950.59,6531860.2
2025-01-13,938.38,955.08,936.78,952.19,5182653.63
2025-01-14,958.49,984.03,946.63,981.78,7176697.91
2025-01-15,976.13,988.86,970.82,977.66,6572546.31
2025-01-16,982.09,991.9,954.15,956.4,7474260.43
2025-01-17,949.84,977.81,947.84,965.9,6647670.47
2025-01-20,969.84,978.22,962.4,968.27,5655719.26
2025-01-21,973.91,980.15,964.86,976.3,6415707.62
2025-01-22,972.21,980.41,967.67,975.34,5477721.68
2025-01-23,987.26,994.77,966.11,966.11,6628418.22
2025-01-24,966.09,980.43,966.09,974.83,5455819.53
2025-01-27,972.19,975.96,954.9,955.09,5341055.84
2025-02-05,989.12,989.53,974.99,982.83,7878300.14
2025-02-06,977.02,1012.88,975.37,1011.22,9018979.26
2025-02-07,1011.06,1035.17,1003.24,1018.8,10436939.29
2025-02-10,1023.02,1038.02,1018.37,1036.77,8218048.21
2025-02-11,1034.95,1038.6,1018.39,1024.41,7222297.78
2025-02-12,1026.87,1042.13,1021.57,1041.14,8170072.54
2025-02-13,1040.42,1041.98,1016.23,1017.09,7066338.08
2025-02-14,1012.61,1024.96,1008.28,1022.46,7301721.73
2025-02-17,1030.86,1039.75,1026.89,1037.31,7969161.74
2025-02-18,1034.63,1036.5,1006.94,1011.17,7837464.91
2025-02-19,1010.67,1035.06,1010.37,1034.57,9609046.89
2025-02-20,1034.79,1041.62,1025.92,1033.09,8316918.95
2025-02-21,1042.4,1098.6,1038.85,1094.77,12631891.68
2025-02-24,1093.03,1110.06,1084.57,1100.05,10077046.69
2025-02-25,1083.94,1119.3,1079.49,1102.9,9926744.42
2025-02-26,1108.58,1129.63,1093.27,1126.82,11777277.72
2025-02-27,1127.25,1140.37,1101.52,1126.29,10598242.13
2025-02-28,1118.52,1123.56,1076.01,1078.8,11002781.72
2025-03-03,1079.64,1087.72,1055.77,1062.35,8962839.15
2025-03-04,1052.47,1088.53,1050.25,1080.66,8109146.21
2025-03-05,1081.1,1090.47,1072.06,1083.82,7153384.29
2025-03-06,1100.44,1125.64,1099.72,1121.58,9563054.94
2025-03-07,1113.84,1120.98,1102.61,1107.62,8072358.65
2025-03-10,1107.31,1111.74,1088.34,1105.16,7400800.48
2025-03-11,1086.38,1102.91,1085.46,1100.74,6881114.74
2025-03-12,1107.96,1112.16,1092.67,1092.71,6586258.2
2025-03-13,1093.59,1094.89,1064.25,1069.7,7234027.21
2025-03-14,1070.8,1089.26,1069.01,1088.11,7303539.08
2025-03-17,1090.0,1090.11,1077.49,1083.21,6401706.01
2025-03-18,1087.34,1103.48,1087.34,1089.83,6479306.05
2025-03-19,1084.9,1089.63,1075.1,1076.94,5410794.08
2025-03-20,1075.13,1076.37,1064.25,1064.79,5090898.78
2025-03-21,1063.33,1065.41,1036.37,1042.89,6215120.87
2025-03-24,1042.33,1048.17,1029.91,1045.94,5958455.76
2025-03-25,1045.85,1049.31,1028.54,1031.7,5034329.23
2025-03-26,1029.81,1040.22,1028.8,1029.05,4228901.73
2025-03-27,1028.69,1053.22,1026.2,1040.57,5310085.1
2025-03-28,1037.76,1044.92,1029.46,1029.48,4253169.68
2025-03-31,1024.26,1031.34,1011.97,1022.71,5109654.4
2025-04-01,1027.96,1037.32,1022.78,1024.38,5082442.61
2025-04-02,1021.82,1030.91,1020.38,1022.75,3548016.8
2025-04-03,1011.6,1030.55,1011.6,1018.07,4636223.67
2025-04-07,960.49,982.77,877.71,924.17,11689397.92
2025-04-08,932.24,950.74,923.67,940.09,8946768.93
2025-04-09,922.86,992.34,917.35,980.57,9253875.97
2025-04-10,1003.68,1006.15,985.71,991.22,6985864.29
2025-04-11,990.83,1027.54,987.83,1011.71,7564116.66
2025-04-14,1018.26,1025.44,1006.17,1014.28,5538086.71
2025-04-15,1011.67,1012.02,995.82,1006.34,4102085.46
2025-04-16,1016.76,1017.14,996.4,1014.51,4615820.74
2025-04-17,1007.63,1024.04,1006.77,1016.81,3748532.89
2025-04-18,1011.51,1012.93,1003.43,1008.6,3000959.71
2025-04-21,1012.81,1021.38,1008.56,1019.41,3394109.0
2025-04-22,1018.42,1023.5,1012.6,1016.22,4275467.0
2025-04-23,1019.02,1022.66,1010.09,1012.65,4055068.0
2025-04-24,1012.33,1012.4,1000.46,1003.32,3606206.0
2025-04-25,1003.87,1011.59,997.98,1004.57,3886927.0
2025-04-28,1004.05,1008.59,997.9,1002.83,3572348.0
2025-04-29,996.97,1005.71,994.22,1003.87,4004222.0
2025-04-30,1000.65,1014.37,1000.65,1012.42,5521387.0
2025-05-06,1016.44,1027.02,1013.58,1026.52,5396841.0
2025-05-07,1044.17,1044.57,1021.79,1030.19,5556163.0
2025-05-08,1024.97,1030.09,1022.49,1026.44,4399338.0
2025-05-09,1020.79,1020.79,1006.32,1006.32,4559588.0
2025-05-12,1008.96,1016.73,1004.49,1011.23,5127871.0
2025-05-13,1020.34,1021.53,1009.63,1009.68,5850734.0
2025-05-14,1014.1,1021.39,1006.51,1013.77,4867945.0
2025-05-15,1011.57,1011.69,999.26,1000.97,3808564.0
2025-05-16,997.45,999.41,991.42,995.24,3635157.0
2025-05-19,994.28,998.62,985.98,995.25,4313331.0
2025-05-20,995.75,1002.0,993.69,997.68,3659943.0
2025-05-21,996.66,999.96,993.74,995.49,3985852.0
2025-05-22,994.08,1000.38,989.06,990.71,3483059.0
2025-05-23,989.71,997.02,980.58,980.58,3966570.0
2025-05-26,982.07,985.47,978.14,982.26,3329971.0
2025-05-27,982.02,983.43,972.67,972.92,3462665.0
2025-05-28,973.9,975.86,969.68,970.64,2998876.0
2025-05-29,972.26,986.45,970.69,986.3,3588304.0
2025-05-30,981.35,981.35,974.11,977.03,3491034.0
2025-06-03,977.23,987.62,976.11,981.71,5885200.0
2025-06-04,982.36,988.16,981.62,986.11,3883379.0
2025-06-05,987.53,997.93,982.85,996.41,4160004.0
2025-06-06,995.31,995.7,989.15,991.64,3692986.0
2025-06-09,991.31,1002.4,989.53,997.61,4288596.0
2025-06-10,1004.55,1004.78,978.79,982.9,5790864.0
2025-06-11,982.6,990.14,980.29,980.93,4316856.0
2025-06-12,978.69,982.12,974.63,977.97,4688914.0
2025-06-13,971.69,978.42,966.87,972.94,9098951.0
2025-06-16,968.19,975.54,968.19,970.89,4908353.0
2025-06-17,971.53,972.2,960.64,963.08,4445141.0
2025-06-18,962.24,971.8,960.02,968.18,4188414.0
2025-06-19,966.92,974.48,960.54,962.94,4056253.0
2025-06-20,963.78,967.98,956.87,957.87,4374142.0
2025-06-23,952.33,966.19,952.33,961.49,4664690.0
2025-06-24,963.79,980.52,963.79,978.71,4955202.0
2025-06-25,979.97,996.66,976.16,995.61,5760879.0
2025-06-26,995.57,1005.89,989.97,989.97,5250056.0
2025-06-27,996.68,998.58,987.83,988.21,4973668.0
2025-06-30,992.3,1004.47,992.3,1003.41,5736739.0
2025-07-01,1002.09,1002.09,992.55,994.8,4880849.0
2025-07-02,992.38,992.47,981.22,982.64,5951274.0
2025-07-03,984.34,987.09,980.81,984.95,4610810.0
2025-07-04,984.53,997.41,976.83,984.8,5304787.0
2025-07-07,983.2,987.11,976.9,978.29,3791107.0
2025-07-08,978.9,993.19,977.6,991.95,6157517.0
2025-07-09,991.34,993.61,981.5,983.11,4702308.0
2025-07-10,981.74,986.31,978.89,979.99,5437181.0
2025-07-11,980.38,1000.03,979.18,994.45,6002557.0
2025-07-14,995.29,998.97,992.39,992.39,4576455.0
2025-07-15,990.73,998.08,986.5,996.25,5167869.0
2025-07-16,996.33,1008.47,994.38,997.63,4262078.0
2025-07-17,997.71,1005.67,992.56,1005.65,5353465.0
2025-07-18,1008.13,1013.12,1003.09,1007.53,4976351.0
2025-07-21,1007.58,1010.34,1005.03,1007.89,5808705.0
2025-07-22,1007.51,1019.03,1005.84,1016.27,6977007.0
2025-07-23,1016.58,1030.54,1014.84,1020.86,7053932.0
2025-07-24,1019.72,1032.84,1019.31,1032.84,7214478.0
2025-07-25,1032.45,1059.73,1028.79,1054.2,7433888.0
2025-07-28,1054.91,1059.05,1048.55,1055.11,6319298.0
2025-07-29,1053.12,1071.44,1051.55,1070.45,6913306.0
2025-07-30,1065.94,1073.82,1051.11,1058.57,6832508.0
2025-07-31,1057.32,1070.76,1045.45,1047.87,8360018.0
2025-08-01,1047.38,1056.42,1029.53,1036.77,6263113.0
2025-08-04,1034.13,1049.46,1033.85,1049.41,5928392.0
2025-08-05,1048.71,1054.11,1046.53,1053.65,5487126.0
2025-08-06,1051.87,1060.4,1049.6,1059.76,6070429.0
2025-08-07,1059.84,1069.04,1053.73,1058.21,6183818.0
2025-08-08,1052.46,1052.74,1042.84,1043.54,6792742.0
2025-08-11,1043.23,1053.7,1043.08,1049.73,6343111.0
2025-08-12,1048.21,1077.88,1044.33,1069.81,7744626.0
2025-08-13,1069.52,1079.14,1067.5,1077.7,7496928.0
2025-08-14,1079.22,1109.85,1079.22,1085.74,9639960.0
2025-08-15,1079.16,1104.5,1077.0,1101.29,9527128.0
2025-08-18,1114.32,1138.42,1105.58,1124.82,12605477.0
2025-08-19,1122.64,1133.63,1111.66,1112.27,8425769.0
2025-08-20,1109.7,1148.74,1105.27,1148.15,10004872.0
2025-08-21,1150.98,1173.28,1143.16,1149.15,9811302.0
2025-08-22,1162.29,1248.07,1162.29,1247.86,16247841.0
2025-08-25,1282.05,1320.72,1252.84,1287.73,18838045.0
2025-08-26,1266.59,1284.07,1257.44,1270.87,11376356.0
2025-08-27,1285.44,1332.82,1272.55,1272.56,16118948.0
2025-08-28,1280.24,1365.92,1275.5,1364.6,19009401.0
2025-08-29,1335.65,1346.76,1314.74,1341.31,15616830.0
2025-09-01,1348.53,1366.92,1322.8,1357.15,15438179.0
2025-09-02,1353.94,1364.2,1314.12,1328.28,13393638.0
2025-09-03,1318.51,1325.75,1296.71,1306.48,10937923.0
2025-09-04,1301.98,1304.05,1210.87,1226.98,15296053.0
2025-09-05,1232.21,1275.1,1220.78,1268.55,13659157.0
2025-09-08,1266.47,1280.82,1253.73,1275.87,12953551.0
2025-09-09,1250.96,1271.96,1239.94,1245.53,11206187.0
2025-09-10,1253.5,1272.91,1246.26,1259.1,9896437.0
2025-09-11,1254.19,1332.76,1244.14,1326.03,13543504.0
2025-09-12,1324.84,1360.07,1323.45,1338.02,13696011.0
2025-09-15,1362.85,1366.46,1332.43,1340.4,14248895.0
2025-09-16,1347.2,1370.29,1347.2,1358.05,11586109.0
2025-09-17,1351.64,1378.87,1338.95,1370.43,12560120.0
2025-09-18,1385.5,1433.57,1351.14,1380.35,17429025.0
2025-09-19,1388.86,1400.69,1359.29,1362.65,12139062.0
2025-09-22,1361.25,1422.74,1353.71,1408.64,12651973.0
2025-09-23,1406.61,1419.28,1364.44,1407.3,15183674.0
2025-09-24,1395.37,1479.7,1394.68,1456.47,19780341.0
2025-09-25,1449.65,1486.43,1448.69,1474.49,16547220.0
2025-09-26,1461.95,1485.88,1448.96,1450.82,17251029.0
2025-09-29,1448.55,1470.41,1424.84,1470.41,15414107.0
2025-09-30,1488.29,1505.91,1478.42,1495.29,14731506.0
2025-10-09,1526.92,1588.83,1522.79,1539.08,22149716.0
2025-10-10,1511.16,1512.34,1444.99,1452.68,17976513.0
2025-10-13,1409.68,1476.13,1409.68,1473.02,16773966.0
2025-10-14,1488.05,1489.17,1399.97,1410.3,18468908.0
2025-10-15,1409.53,1430.28,1390.99,1430.0,12889308.0
2025-10-16,1419.55,1444.23,1409.7,1416.58,10898137.0
2025-10-17,1411.74,1415.66,1360.45,1363.17,11679231.0
2025-10-20,1390.71,1397.73,1358.69,1367.9,9369503.0
2025-10-21,1374.98,1410.07,1368.01,1406.32,9513313.0
2025-10-22,1392.59,1424.23,1380.98,1405.41,8166757.0
2025-10-23,1396.09,1403.94,1375.75,1401.26,7774473.0
2025-10-24,1421.21,1466.85,1416.46,1462.22,10817862.0
2025-10-27,1489.66,1491.11,1457.65,1484.21,13207003.0
2025-10-28,1470.48,1496.06,1463.46,1471.73,10854806.0
2025-10-29,1466.44,1495.38,1465.31,1489.12,12665859.0
2025-10-30,1485.94,1494.4,1461.3,1461.3,13581418.0
2025-10-31,1451.06,1452.24,1415.53,1415.53,14075252.0
2025-11-03,1403.46,1406.01,1372.25,1400.86,13433442.0
2025-11-04,1406.86,1415.73,1378.64,1387.24,10782302.0
2025-11-05,1355.72,1398.37,1355.72,1390.39,11805661.0
2025-11-06,1405.15,1442.81,1403.07,1436.86,13704385.0
2025-11-07,1420.23,1434.39,1414.47,1415.69,13199185.0
2025-11-10,1422.32,1431.77,1389.77,1407.56,13447623.0
2025-11-11,1416.86,1423.68,1385.07,1387.53,11752127.0
2025-11-12,1377.15,1388.51,1362.38,1379.45,12724041.0
2025-11-13,1376.37,1404.63,1373.49,1399.29,12111630.0
2025-11-14,1379.44,1390.62,1361.23,1361.23,11525900.0
2025-11-17,1363.48,1377.55,1344.91,1354.04,11305955.0
2025-11-18,1350.51,1374.03,1348.1,1357.93,11535985.0
2025-11-19,1355.13,1363.86,1338.45,1344.8,9006130.0
2025-11-20,1362.85,1364.48,1327.29,1328.19,7747039.0
2025-11-21,1300.48,1311.32,1282.45,1285.83,10070649.0
2025-11-24,1295.88,1306.04,1273.49,1296.6,8813653.0
2025-11-25,1309.67,1323.21,1298.85,1302.17,8273023.0
2025-11-26,1296.46,1327.54,1293.18,1315.04,7815827.0
2025-11-27,1325.85,1351.44,1308.85,1310.7,8030489.0
2025-11-28,1307.96,1329.33,1303.2,1327.15,8824692.0
2025-12-01,1329.42,1341.95,1310.42,1336.76,11191986.0
2025-12-02,1334.0,1335.75,1315.46,1320.16,7621464.0
2025-12-03,1317.58,1324.71,1303.34,1308.37,7027058.0
2025-12-04,1303.99,1326.23,1294.76,1326.16,6778771.0
2025-12-05,1319.72,1330.59,1303.72,1326.1,7091686.0
2025-12-08,1325.97,1360.71,1325.74,1350.8,8311050.0
2025-12-09,1338.85,1358.9,1337.32,1347.11,7057057.0
2025-12-10,1337.52,1350.65,1317.71,1346.7,8273640.0
2025-12-11,1349.67,1350.87,1325.83,1325.83,8124996.0
2025-12-12,1324.3,1351.56,1314.01,1348.88,12189711.0
2025-12-15,1333.36,1343.78,1318.53,1318.91,8470120.0
2025-12-16,1313.53,1317.15,1286.25,1293.38,7330726.0
2025-12-17,1294.7,1327.76,1289.24,1325.33,7738921.0
2025-12-18,1314.67,1323.68,1305.97,1305.97,6270465.0
2025-12-19,1314.75,1323.86,1306.8,1308.59,6436585.0
2025-12-22,1314.07,1338.14,1314.07,1335.25,8018670.0
2025-12-23,1333.54,1348.54,1331.39,1340.02,7627586.0
2025-12-24,1342.13,1352.74,1332.92,1352.13,7339090.0
2025-12-25,1347.78,1356.6,1339.97,1349.06,7262305.0
2025-12-26,1346.11,1356.11,1339.14,1345.83,8521601.0
2025-12-29,1345.98,1364.27,1341.94,1346.32,10390297.0
2025-12-30,1346.13,1367.01,1346.03,1359.87,7941505.0
2025-12-31,1367.17,1368.48,1342.68,1344.2,7306915.0
2026-01-05,1360.9,1403.53,1360.9,1403.41,10345466.0
2026-01-06,1401.79,1442.1,1400.4,1429.3,11820332.0
2026-01-07,1442.51,1452.04,1427.98,1443.39,12338548.0
2026-01-08,1441.19,1483.23,1441.19,1455.17,13482288.0
2026-01-09,1442.22,1477.24,1437.58,1475.97,13306405.0
2026-01-12,1490.5,1515.11,1478.85,1511.84,15675919.0
2026-01-13,1508.18,1511.65,1460.41,1469.57,15234747.0
2026-01-14,1479.3,1532.58,1479.3,1500.91,17779745.0
2026-01-15,1491.23,1504.84,1468.02,1493.95,14088173.0
2026-01-16,1509.7,1528.78,1495.68,1514.07,16765776.0
2026-01-19,1513.59,1525.12,1502.72,1506.86,12876257.0
2026-01-20,1508.37,1525.81,1473.19,1482.99,14030658.0
2026-01-21,1482.66,1546.05,1482.66,1535.39,14447414.0
2026-01-22,1563.38,1574.97,1530.25,1541.64,15212194.0
2026-01-23,1530.28,1553.71,1523.5,1553.71,21244687.0
2026-01-26,1556.57,1575.45,1529.32,1532.8,21231612.0
2026-01-27,1530.07,1562.58,1507.41,1555.98,19787281.0
2026-01-28,1566.19,1569.44,1535.9,1554.8,15543610.0
2026-01-29,1550.99,1560.64,1507.3,1507.64,16408344.0
2026-01-30,1501.51,1522.33,1465.32,1509.4,14865583.0
2026-02-02,1492.81,1508.54,1450.1,1450.9,13153967.0
2026-02-03,1475.57,1478.05,1430.0,1471.07,13891459.0
2026-02-04,1452.98,1455.12,1432.6,1453.48,15639050.0
2026-02-05,1423.66,1441.16,1416.26,1432.52,15199278.0
2026-02-06,1415.05,1440.81,1405.87,1422.41,13035099.0
2026-02-09,1453.54,1458.93,1441.9,1458.16,15747839.0
2026-02-10,1463.35,1485.97,1463.35,1471.5,11770391.0
2026-02-11,1462.0,1467.28,1453.01,1455.11,8978509.0
2026-02-12,1463.61,1481.98,1454.63,1480.99,10015209.0
2026-02-13,1470.26,1492.09,1466.71,1470.33,9896616.0
2026-02-24,1493.45,1493.77,1453.55,1465.37,10295969.0
2026-02-25,1468.51,1481.29,1454.41,1473.28,11075883.0
2026-02-26,1478.73,1494.75,1456.03,1485.86,11154134.0
2026-02-27,1468.08,1493.52,1463.73,1488.02,9999772.0
2026-03-02,1459.78,1486.55,1459.51,1464.77,13427348.0
2026-03-03,1467.76,1469.6,1385.59,1388.41,14302403.0
2026-03-04,1380.13,1407.0,1376.11,1381.56,10705585.0
2026-03-05,1418.88,1423.61,1397.76,1405.35,11006986.0
2026-03-06,1396.59,1422.0,1396.59,1414.39,9690549.0
2026-03-09,1373.82,1398.25,1351.88,1390.48,11840094.0
2026-03-10,1417.26,1424.72,1402.63,1420.54,12153403.0
2026-03-11,1421.35,1427.1,1400.45,1401.08,12973679.0
2026-03-12,1397.78,1412.53,1372.97,1383.65,11759193.0
2026-03-13,1374.65,1392.43,1365.62,1373.64,12002263.0
2026-03-16,1370.7,1386.55,1349.27,1384.99,10953762.0
2026-03-17,1386.26,1390.84,1354.15,1354.15,9184655.0
2026-03-18,1363.54,1373.86,1348.23,1372.58,9799866.0
2026-03-19,1348.55,1354.72,1333.68,1339.03,11052923.0
2026-03-20,1344.93,1347.37,1317.4,1318.31,14091098.0
2026-03-23,1292.89,1305.79,1254.85,1261.44,14248101.0
2026-03-24,1281.58,1291.92,1249.01,1290.79,11716630.0
2026-03-25,1299.63,1326.65,1299.63,1315.41,11005705.0
2026-03-26,1313.97,1316.46,1285.38,1288.81,8631770.0
2026-03-27,1265.53,1308.94,1265.53,1300.76,8603070.0
2026-03-30,1278.99,1294.54,1269.32,1289.78,9357204.0
2026-03-31,1283.9,1296.03,1256.33,1256.33,9583190.0
2026-04-01,1290.64,1302.87,1282.31,1298.2,9826461.0
2026-04-02,1294.63,1294.63,1254.62,1262.18,7588114.0
2026-04-03,1270.94,1272.84,1254.76,1256.21,6706421.0
2026-04-07,1261.71,1286.53,1261.71,1274.01,6322349.0
2026-04-08,1317.28,1352.69,1316.63,1352.69,11422568.0
2026-04-09,1335.29,1362.91,1333.01,1343.95,7846510.0
2026-04-10,1363.58,1382.94,1362.4,1364.49,8471659.0
2026-04-13,1358.46,1396.0,1358.46,1375.29,9018894.0
2026-04-14,1398.4,1409.85,1387.42,1405.07,9302659.0
2026-04-15,1415.39,1433.35,1399.75,1406.32,9547663.0
2026-04-16,1406.32,1424.17,1402.2,1422.23,10005771.0
2026-04-17,1414.87,1433.8,1413.58,1423.35,9635053.0
2026-04-20,1426.89,1451.39,1426.03,1450.52,11275846.0
2026-04-21,1445.2,1445.54,1415.6,1426.68,9651570.0
2026-04-22,1420.78,1451.46,1420.24,1451.14,9805961.0
2026-04-23,1466.12,1467.7,1419.01,1432.59,11446540.0
2026-04-24,1443.04,1472.96,1417.21,1453.69,11413406.0
2026-04-27,1478.31,1515.28,1466.66,1508.38,13560538.0
2026-04-28,1497.32,1525.34,1479.67,1488.66,11925508.0
2026-04-29,1474.12,1495.01,1451.71,1493.5,11457221.0
2026-04-30,1511.39,1580.52,1511.39,1571.07,15109612.0
2026-05-06,1634.31,1715.08,1631.65,1656.95,18301048.0
2026-05-07,1663.16,1682.22,1646.94,1678.89,13930063.0
2026-05-08,1653.31,1655.57,1625.61,1640.46,15005074.0
2026-05-11,1687.64,1727.3,1669.73,1716.69,18294058.0
2026-05-12,1708.21,1747.17,1687.96,1723.78,16927089.0
2026-05-13,1684.37,1771.49,1677.54,1770.15,17773247.0
2026-05-14,1792.34,1800.61,1723.7,1725.09,21071023.0
2026-05-15,1724.36,1769.8,1669.99,1696.26,21601214.0
2026-05-18,1690.38,1748.1,1684.9,1709.96,15913956.0
2026-05-19,1697.4,1776.26,1670.36,1775.13,17104368.0
2026-05-20,1764.21,1835.22,1764.21,1832.02,18452542.0
2026-05-21,1866.29,1892.6,1759.94,1764.17,21274038.0
2026-05-22,1790.74,1797.65,1747.14,1790.77,17603919.0
2026-05-25,1791.67,1899.97,1774.19,1896.04,21497937.0
2026-05-26,1877.39,1880.65,1824.32,1867.71,19408885.0
2026-05-27,1875.42,1901.97,1809.7,1815.45,21609699.0
2026-05-28,1805.11,1854.52,1796.04,1844.25,21540080.0
2026-05-29,1850.27,1855.26,1727.62,1751.32,23431374.0
2026-06-01,1751.23,1753.02,1662.82,1663.69,16941834.0
2026-06-02,1676.31,1710.98,1641.17,1690.56,15576220.0
2026-06-03,1697.66,1776.2,1697.36,1726.18,16825554.0
2026-06-04,1700.31,1759.98,1697.22,1738.06,14967701.0
2026-06-05,1706.53,1735.08,1659.48,1668.33,16835709.0
2026-06-08,1587.97,1634.03,1578.18,1596.57,15707499.0
2026-06-09,1630.23,1666.48,1607.58,1663.11,14098958.0
2026-06-10,1662.85,1722.33,1632.33,1652.22,15911725.0
2026-06-11,1644.6,1676.53,1631.94,1662.44,14220694.0
2026-06-12,1726.01,1730.89,1656.85,1663.22,21018567.0
2026-06-15,1687.67,1748.51,1658.32,1748.33,16140938.0
2026-06-16,1751.71,1766.14,1729.04,1758.42,15018218.0
2026-06-17,1729.23,1841.37,1725.9,1840.82,18018313.0
2026-06-18,1837.07,1937.3,1836.04,1911.51,17710999.0
2026-06-22,1922.47,1963.33,1879.59,1948.93,19191334.0
2026-06-23,1929.27,1982.91,1890.16,1916.21,18137295.0
2026-06-24,1896.34,1997.9,1886.74,1989.43,18532528.0
2026-06-25,2004.77,2076.88,2000.8,2066.33,18510032.0
2026-06-26,2034.43,2076.47,1976.92,2032.28,19695170.0
2026-06-29,2039.67,2127.8,2013.51,2126.01,20661484.0
2026-06-30,2132.88,2214.61,2113.95,2207.86,19617861.0
2026-07-01,2205.66,2255.25,2120.36,2153.04,22580954.0
2026-07-02,2059.9,2105.29,1978.32,1987.29,20913363.0
2026-07-03,1978.75,2039.31,1948.17,1975.6,17583808.0
2026-07-06,2015.18,2022.91,1913.82,1996.1,16511997.0
2026-07-07,1965.8,2039.6,1950.98,2001.59,13973250.0
2026-07-08,2022.45,2078.64,1961.64,2016.23,15720588.0
2026-07-09,2047.24,2188.98,2023.54,2185.83,18580605.0
2026-07-10,2190.18,2233.54,2064.98,2064.98,23073429.0
2026-07-13,2038.36,2110.18,1974.05,1994.32,18337937.0
2026-07-14,1994.44,2026.47,1895.56,2009.73,16013950.0
2026-07-15,2021.58,2028.65,1908.18,1924.27,14281933.0
2026-07-16,1869.94,1947.25,1828.57,1846.88,14226782.0
2026-07-17,1829.98,1844.38,1698.32,1715.4,16629024.0
2026-07-20,1764.59,1776.07,1646.39,1718.69,17984793.0
2026-07-21,1747.49,1904.86,1663.85,1903.16,19512745.0
2026-07-22,1874.78,1934.61,1836.11,1860.08,16238611.0
2026-07-23,1876.61,1876.99,1770.53,1789.69,11924269.0
2026-07-24,1766.26,1831.28,1748.8,1787.2,10177526.0
2026-07-27,1780.72,1816.43,1724.47,1807.95,10347297.0
2026-07-28,1755.87,1797.58,1675.99,1693.48,10883944.0
2026-07-29,1704.58,1711.58,1608.14,1678.74,14218535.0
2026-07-30,1653.47,1671.51,1562.0,1588.41,14695675.0
2026-07-31,1721.36,1731.21,1635.68,1635.96,14507410.0
2026-08-03,1619.29,1621.99,1549.74,1552.89,12334986.0
2026-08-04,1569.62,1631.01,1556.11,1616.36,11344343.0
