run_time,ref_date,risk_level,red_count,effective_red_count,effective_threshold,market_state,adx_value,s1_turnover_ratio,s1_red,s2_divergence,s2_red,s3_ad_ratio,s3_red,s4_dividend_spread,s4_red,s5_growth_ret,s5_red,s6_net_leverage,s6_red,position_advice,advice_desc,data_sufficient
2026-08-19 22:52:58,2026-08-18,normal,0,,,,,0.0241,False,,False,,False,,False,,False,,,维持当前仓位,0个红灯，未达预警门槛,False
2026-08-19 23:04:47,2026-08-18,warn,2,,,,,0.0241,False,0.9042,False,,False,0.1174,True,-0.0871,True,,,8成 → 7成,小幅降低或保持观察,False
2026-08-19 23:07:21,2026-08-18,warn,2,,,,,,False,0.9042,False,,False,0.1174,True,-0.0871,True,,,8成 → 7成,小幅降低或保持观察,False
2026-08-19 23:08:12,2026-08-18,warn,2,,,,,,False,0.9042,False,,False,0.1174,True,-0.0871,True,,,8成 → 7成,小幅降低或保持观察,False
2026-08-19 23:16:40,2026-08-18,warn,2,,,,,0.0,False,0.9042,False,,False,0.1174,True,-0.0871,True,,,8成 → 7成,小幅降低或保持观察,False
2026-08-19 23:21:07,2026-08-18,warn,2,,,,,0.0239,False,0.9042,False,,False,0.1174,True,-0.0871,True,,,8成 → 7成,小幅降低或保持观察,False
2026-08-19 23:21:58,2026-08-18,warn,2,,,,,0.0239,False,0.9042,False,,False,0.1174,True,-0.0871,True,,,8成 → 7成,小幅降低或保持观察,False
2026-08-19 23:24:06,2026-08-18,warn,2,,,,,0.0239,False,0.9042,False,,False,0.1077,True,-0.0774,True,,,8成 → 7成,小幅降低或保持观察,False
2026-08-19 23:27:53,2026-08-18,warn,2,,,,,0.0239,False,0.9042,False,,False,0.1077,True,-0.0774,True,,,8成 → 7成,小幅降低或保持观察,False
2026-08-19 23:30:36,2026-08-18,warn,2,,,,,0.0239,False,0.9042,False,,False,0.1077,True,-0.0774,True,,,8成 → 7成,小幅降低或保持观察,False
2026-08-20 06:47:15,2026-08-19,warn,2,,,,,0.0239,False,0.9042,False,,False,0.1174,True,-0.0871,True,,,8成 → 7成,小幅降低或保持观察,False
2026-08-20 11:01:18,2026-08-19,warn,2,,,,,2,4,neutral,,0.0118,False,0.9042,False,,False,,,0.1174,True,-0.0871
2026-08-20 11:02:15,2026-08-19,high,2,,,,,3,3,range,15.04,0.0119,False,0.9042,False,,False,,,0.1174,True,-0.0871
2026-08-20 11:03:08,2026-08-19,high,2,,,,,3,3,range,15.04,0.0119,False,0.9042,False,,False,,,0.1174,True,-0.0871
2026-08-20 11:03:45,2026-08-19,high,2,,,,,3,3,range,15.04,0.0119,False,0.9042,False,,False,,,0.1174,True,-0.0871
2026-08-20 11:10:22,2026-08-19,high,2,,,,,3,3,range,15.04,0.0123,False,0.9042,False,,False,,,0.1174,True,-0.0871
2026-08-20 11:12:27,2026-08-20,high,2,,,,,3,3,range,15.04,0.0123,False,0.9042,False,,False,,,0.1174,True,-0.0871
2026-08-20 11:12:53,2026-08-20,high,2,,,,,3,3,range,15.04,0.0124,False,0.9042,False,,False,,,0.1174,True,-0.0871
2026-08-20 17:06:20,2026-08-20,warn,2,,,,,2,4,neutral,24.04,0.0198,False,0.9005,False,,False,,,0.1174,True,-0.0871
2026-08-20 17:07:26,2026-08-20,warn,2,,,,,2,4,neutral,24.04,0.0198,False,0.9005,False,,False,,,0.1174,True,-0.0871
2026-08-20 17:07:38,2026-08-20,warn,2,,,,,2,4,neutral,24.04,0.0198,False,0.9005,False,,False,,,0.1174,True,-0.0871
2026-08-20 17:28:32,2026-08-19,warn,2,,,,,2,4,neutral,24.04,0.0198,False,0.9005,False,,False,,,0.1174,True,-0.0871
2026-08-20 17:45:17,2026-08-19,warn,2,,,,,2,4,neutral,24.04,0.0198,False,0.9005,False,,False,,,0.1174,True,-0.0871
2026-08-20 18:20:42,2026-08-20,warn,2,,,,,2,4,neutral,24.04,0.0198,False,0.9005,False,,False,,,0.1174,True,-0.0871
2026-08-20 21:06:47,2026-08-20,warn,2,,,,,2,4,neutral,24.04,0.0198,False,0.9005,False,,False,,,0.077,True,-0.0642
2026-08-20 21:23:39,2026-08-20,warn,2,,,,,2,4,neutral,24.04,0.0198,False,0.9005,False,,False,,,0.0354,True,-0.0226
2026-08-22 11:42:39,2026-08-21,normal,1,,,,,1,4,neutral,26.21,0.0179,False,0.904,False,,False,,,0.0291,False,-0.0203
2026-08-27 16:58:43,2026-08-19,warn,1,,,,,2,3,range,19.45,0.0202,False,0.8717,False,,False,,,-0.0831,False,0.0715
2026-08-27 16:59:09,2026-08-27,warn,1,,,,,2,3,range,19.45,0.0202,False,0.8717,False,,False,,,-0.0831,False,0.0715
2026-08-27 17:13:23,2026-08-27,warn,1,,,,,2,3,range,19.45,0.0202,False,0.8717,False,,False,,,-0.0831,False,0.0715
2026-08-28 12:58:53,2026-08-28,warn,1,,,,,2,3,range,19.45,0.0136,False,0.8717,False,1.4169,False,,,-0.0426,False,0.0301
2026-08-30 21:34:37,2026-08-28,normal,0,,,,,0,3,range,18.31,,,,,,,,,,,
2026-08-30 21:34:52,2026-08-28,normal,0,,,,,0,3,range,18.31,,,,,,,,,,,
2026-08-30 21:36:02,2026-08-28,normal,0,,,,,0,3,range,18.31,,,,,,,,,,,
2026-08-30 21:36:40,2026-08-28,normal,0,,,,,0,3,range,18.31,,,,,,,,,,,
2026-08-30 21:37:23,2026-08-28,normal,0,0,3,range,18.31,,,,,,,,,,,0.0126,False,维持当前仓位,震荡市：0个红灯，未达预警门槛,True
2026-08-30 21:37:37,2026-08-28,normal,0,0,3,range,18.31,,,,,,,,,,,,,维持当前仓位,震荡市：0个红灯，未达预警门槛,True
2026-08-30 21:47:18,2026-08-29,normal,0,0,3,range,18.31,,,,,,,,,,,0.0126,False,维持当前仓位,震荡市：0个红灯，未达预警门槛,True
